[],毫升
[],去角质
['ml'],乳液
[],毫升
[],Drops
[],免晒美
['Gouttesml'],黑霜
[],毫升
['ml'],面霜
[],毫升
[],Cream
['Crèmeml'],面霜
[],毫升
[],Body
[],Serum
['Sérumcorpsml'],精华
[],毫升
['ml'],眼霜
[],毫升
[],Eye
[],Creme
[],Refill
[],眼霜
[],补充
['Rechargecrèmecontouryeuxml'],装
[],毫升
['ml'],面霜
[],Travel
[],防晒霜
[],旅行
['devoyage'],套装
[],美容
['skindevice'],仪
[],护肤
['Coffretbeauté'],套装
[],毫米
[],Eye
['contourdesyeuxml'],眼霜
"['', 'G']",克
"['""LIP', 'BALM""']",润唇膏
[],毫升
[],修护
[],精萃
['ml'],水
[],毫升
['Crèmeml'],面霜
"['Coffret', 'beauté']",套装
[],毫米
[],face
[],body
[],oil
[],面部
[],身体
['Huilecorpsvisageml'],精油
[],face
[],body
[],oil
[],refill
[],面部
[],身体
[],护理
[],油
[],填充
['Rechargehuilecorpsvisage'],装
[],毫升
[],“
[],”
"['""""ML']",发膜
[],毫升
[],香体
['DÉODORANTENSTICKML'],棒
[],毫升
[],“
[],”
['Shampooingml'],洗发水
['APRÈS-SHAMPOOING'],护发素
[],毫升
[],Night
[],Mask
[],夜间
['Masquenuitml'],面膜
[],毫升
['ml'],面霜
[],限量版
"['en', 'édition', 'limitée']",护发
['Pochette'],套装
[],毫升
['Masquevisageml'],面膜
['150ML'],150
[],头发
[],造型
"['DE', 'COIFFAGE']",乳
['CRÈME'],毫升
[],毫升
[],Mask
[],box
[],面膜
['Masquevisageml'],套装
[],毫升
[],Conditioning
[],Beard
[],Oil
[],须后
[],护理
['Huilesoinbarbeml'],油
[],“
[],CAR
[],DIFFUSER
[],”
[],车载
[],香氛
"['COFFRETDIFFUSEURDEVOITURE""""']",套装
['Peigne'],发梳
[],毫升
[],firming
[],oil
[],紧致
['Huileraffermissanteml'],精油
[],毫升
['Lotiontoniqueml'],爽肤水
[],克
[],“
[],LIP
[],”
['BaumelèvresLipg'],唇膏
[],毫升
[],面部
['ml'],精油
[],毫升
[],紧致
['ml'],眼霜
[],毫升
[],Brightening
[],Pomegranate
[],Face
[],Mask
['Masquevisageéclaicissantàlagrenademl'],面膜
[],Cream
[],Balm
['Baumecrème'],保湿霜
[],毫升
[],头发
[],头皮
['ml'],精华
