"['en', 'coton', 'biologique']",有机棉
['oie'],玩具
"['Mobile', 'musical']",发声
['étoiles'],星星
"['en', 'tissu', 'technique', 'imprimé']",印花
[],连体
"['Maillot', '1', 'pièce']",泳衣
['imprimé'],印花
"['en', 'coton', 'biologique']",有机棉
['Short'],短裤
[],印花
"['parfumé', 'imprimé']",香味
"['en', 'caoutchouc']",橡胶
['Sandales'],凉鞋
"['et', 'lycra']",amp
"['en', 'lurex']",金银丝
[],莱卡
[],&
[],;
['Bob'],渔夫帽
['imprimé'],印花
"['en', 'tissu', 'recyclé']",再生
[],连体
"['Maillot', 'de', 'bain', 'une', 'pièce']",泳衣
"['de', 'coton']",棉质
"['en', 'denim']",牛仔
['Short'],短裤
"['à', 'scratch', 'en', 'cuir']",皮革
[],束带
['Sandales'],凉鞋
"['en', 'simili-cuir']",仿皮
"['Bretelle', 'bandoulière']",单肩包
[],印花
[],科技
"['en', 'tissu', 'technique', 'imprimé']",织物
[],连体
"['Maillot', '1', 'pièce']",泳衣
[],星星
[],印花
[],再生
"['recyclé', 'imprimé']",织物
"['de', 'bain', 'en', 'tissu', 'technique']",科技
['Short'],沙滩裤
"['en', 'cuir']",皮革
['Sandales'],凉鞋
"['', 'Bunny']",兔子
['imprimé'],印花
"['en', 'coton']",棉质
['Casquette'],棒球帽
"['en', 'coton']",棉质
"['sans', 'manches']",无袖
['Chemise'],衬衫
[],边带
[],棉质
"['en', 'denim', 'de', 'coton', 'avec', 'bandes']",半身裙
['Jupe'],牛仔
['parfumé'],香味
[],橡胶
"['en', 'caoutchouc']",平底鞋
['Ballerines'],芭蕾
['imprimé'],印花
[],棉质
"['en', 'gabardine', 'de', 'coton']",华达呢
['Visière'],遮阳帽
[],周身
[],印花
"['en', 'coton', 'imprimé']",棉质
['Chemise'],上衣
[],周身
['imprimé'],印花
"['en', 'coton']",棉质
[],迷你
['Mini-jupe'],短裙
['imprimé'],印花
"['en', 'cuir']",皮革
"['à', 'lacets']",系带
['Baskets'],运动鞋
"['à', '', 'brodé']",刺绣
['Casquette'],棒球帽
[],印花
['imprimé'],棉质
"['en', 'coton']",荷叶边
['Chemise'],衬衫
[],荷叶边
"['en', 'coton']",棉质
[],迷你
['Mini-jupe'],短裙
['recyclée'],脚蹬
[],再生
"['slip-on', 'en', 'toile']",帆布
[],一
['Baskets'],运动鞋
"['avec', 'nœud']",蝴蝶结
[],心形
[],棉质
"['en', 'coton']",发夹
['Bandeau'],装饰
['imprimé'],印花
"['en', 'coton', 'biologique']",有机棉
['T-shirt'],T恤
['gâteau'],蛋糕
[],彩虹
['imprimé'],印花
"['en', 'coton', 'biologique']",有机棉
['Short'],短裤
"['en', 'tulle']",薄纱
[],心形
"['avec', 'cœurs']",装饰
"['en', 'cuir']",皮革
['Baskets'],运动鞋
[],棉质
[],被罩
"['en', 'coton']",套装
"['Housses', 'de', 'couette', '', 'taies', ""d'oreiller""]",枕套
['montagnes'],高山
['imprimé'],印花
"['en', 'coton', 'biologique']",有机棉
['T-shirt'],T恤
"['en', 'coton']",棉质
[],小熊
"['Pantalon', 'de', 'sport']",运动裤
['recyclée'],再生
"['en', 'toile']",帆布
['Sneakers'],运动鞋
[],周身
[],印花
"['en', 'simili-cuir']",仿皮
"['Sac', 'à', 'dos']",双肩包
['étoiles'],星星
['imprimé'],印花
"['en', 'coton']",棉质
['chemise'],衬衫
['Robe'],裙
[],莱卡
"['en', 'lycra', 'et', 'lurex']",金银丝
[],&
[],amp
[],;
['Jupe'],半身裙
['recyclée'],再生
"['en', 'toile']",帆布
['Sneakers'],运动鞋
[],压纹
"['en', 'simili-cuir', 'à', '', 'embossé']",仿皮
"['Sac', 'porté', 'épaule']",单肩包
[],系带
"['avec', 'noeud']",蝴蝶结
[],刺绣
"['en', 'coton', 'brodé']",棉质
['Chemise'],衬衫
[],条纹
"['avec', 'bretelles']",背带
"['en', 'lin', 'rayé']",半身裙
['Jupe'],亚麻
['recyclée'],再生
"['en', 'toile']",帆布
['Sneakers'],运动鞋
[],压纹
"['en', 'mesh', 'à', '', 'embossé']",网眼
['Casquette'],棒球帽
['technique'],科技
"['en', 'tissu']",织物
[],连体
"['Maillot', 'de', 'bain', '1', 'pièce']",泳衣
[],泡泡纱
"['en', 'seersucker', 'à', 'volants']",连衣裙
['Robe'],褶饰
['parfumé'],香味
[],橡胶
"['en', 'caoutchouc']",平底鞋
['Ballerines'],芭蕾
"['en', 'coton']",棉质
['Casquette'],棒球帽
"['de', 'coton']",棉质
"['en', 'denim']",牛仔
"['Veste', 'sans', 'manches']",马甲
[],腰带
[],褶饰
"['avec', 'ceinture']",棉质
"['à', 'volants']",系
"['en', 'coton']",连衣裙
"['Robe', 'midi']",迷笛
['parfumé'],香味
[],橡胶
"['en', 'caoutchouc']",平底鞋
['Ballerines'],芭蕾
[],印花
[],发
"['Bandeau', 'imprimé']",带
[],棉质
[],平纹
"['en', 'jersey', 'de', 'coton']",针织
[],小熊
['T-shirt'],T恤
[],印花
"['en', 'coton', 'imprimé']",棉质
['Short'],短裤
['recyclée'],再生
"['en', 'toile']",帆布
['Sneakers'],运动鞋
"['en', 'simili-cuir']",仿皮
"['Sac', 'porté', 'épaule']",单肩包
[],印花
"['en', 'coton', 'imprimé']",棉质
['court'],短款
['T-shirt'],T恤
"['de', 'coton']",棉质
"['en', 'denim']",牛仔
['Short'],短裤
[],系带
['Sneakersàlacets'],运动鞋
"['à', '', 'embossé']",压纹
[],棉质
"['en', 'gabardine', 'de', 'coton']",华达呢
['Casquette'],帽子
[],豹纹
[],印花
['léopard'],平底鞋
"['parfumé', 'imprimé']",香氛
"['en', 'caoutchouc']",橡胶
['Ballerines'],芭蕾
[],印花
"['en', 'nylon', 'imprimé']",渔夫帽
['Bob'],尼龙
['fraises'],草莓
['imprimé'],印花
"['en', 'coton', 'biologique']",有机棉
['T-shirt'],T恤
[],亚麻
['Short'],短裤
['vulcanisé'],硫化
"['en', 'coton']",棉质
['Sneakers'],运动鞋
['trucker'],司机
['Casquette'],帽
"['à', 'capuche']",棉质
[],平纹
"['en', 'jersey', 'de', 'coton']",针织
[],连帽
"['Robe', 'sweat']",连衣裙
['technique'],科技
"['en', 'tissu']",织物
[],连体
"['Maillot', 'de', 'bain', '1', 'pièce']",泳衣
['ourson'],泰迪熊
"['avec', 'patch']",贴片
[],logo
"['en', 'cuir']",皮革
['Sandales'],凉鞋
"['avec', 'nœud']",蝴蝶结
[],心形
[],棉质
"['en', 'coton']",发夹
['Bandeau'],装饰
[],蝴蝶结
[],装饰
"['à', 'rayures', 'avec', 'noeud']",条纹
[],府绸
"['en', 'popeline']",连身
['Combinaison'],裤
['imprimé'],印花
[],连体
"['Maillot', 'de', 'bain', 'une', 'pièce']",泳衣
[],装饰
['imprimé'],印花
"['en', 'caoutchouc']",橡胶
['Tongs'],人字拖
[],印花
"['en', 'popeline', 'imprimé']",府绸
['Chapeau'],帽子
['étoiles'],星星
[],印花
"['coton', 'imprimé']",棉质
['de'],连衣裙
"['en', 'popeline']",府绸
"['Robe', 'longue']",长
['safari'],再生
"['recyclé', 'imprimé']",印花
"['en', 'tissu']",动物
[],连体
"['Maillot', 'une', 'pièce']",泳衣
['fleurs'],印花
"['en', 'simili-cuir', 'imprimé']",仿皮
['Sandales'],凉鞋
['brodé'],刺绣
[],棉质
"['en', 'toile', 'de', 'coton']",帆布
"['Sac', 'porté', 'épaule']",单肩包
[],印花
[],棉质
[],短款
['T-shirtcourtencotonimprimé'],T恤
[],印花
"['en', 'coton', 'imprimé']",棉质
['Jogging'],运动裤
"['en', 'tulle']",装饰
[],薄纱
"['avec', 'fleurs']",花朵
"['en', 'cuir']",皮革
['Sandales'],凉鞋
[],牡丹
[],印花
"['en', 'coton', 'imprimé', 'pivoine']",渔夫帽
['Bob'],棉质
['fleurs'],花朵
[],印花
[],科技
"['en', 'tissu', 'technique', 'imprimé']",织物
[],连体
"['Maillot', '1', 'pièce']",泳衣
['papillons'],蝴蝶
['imprimé'],印花
"['en', 'coton', 'biologique']",有机棉
['Short'],短裤
['recyclée'],脚蹬
[],再生
"['slip-on', 'en', 'toile']",帆布
[],一
['Baskets'],运动鞋
[],印花
"['', 'imprimé']",amp
['jersey'],针织
[],平纹
['et'],连衣裙
"['en', 'popeline']",府绸
[],&
['Robe'],;
['Titi'],崔弟
['imprimé'],印花
[],连体
"['Maillot', 'de', 'bain', 'une', 'pièce']",泳衣
['embellies'],装饰
['pailletées'],亮粉
['Sandales'],凉鞋
"['en', 'nylon']",尼龙
['Bob'],渔夫帽
[],装饰
['détail'],卫衣
"['en', 'coton']",棉质
['Sweat-shirt'],星星
[],星星
"['avec', 'patchs', 'étoiles']",贴片
"['en', 'coton']",棉质
['Short'],短裤
"['avec', 'noeud']",蝴蝶结
[],装饰
['pailletées'],亮粉
['Sandales'],凉鞋
['mélangé'],混纺
['technique'],科技
"['en', 'tissu']",织物
"['Sac', 'porté', 'épaule']",单肩包
"['en', 'tulle']",心形
[],薄纱
[],贴片
"['avec', 'patchs']",印花
"['en', 'coton']",棉质
['Débardeur'],背心
['technique'],科技
[],心形
[],印花
"['en', 'tissu']",织物
[],连体
"['Maillot', 'de', 'bain', '1', 'pièce']",泳衣
[],束带
"['', 'en', 'toile']",帆布
"['à', 'bride']",印花
['Sandales'],凉鞋
['biologique'],有机棉
"['réversible', 'en', 'coton']",双面
['Bob'],渔夫帽
['imprimé'],印花
"['en', 'tissu', 'recyclé']",再生
[],连体
"['de', 'bain', 'une', 'pièce']",泳衣
['Maillot'],海洋
['imprimé'],印花
"['en', 'coton']",棉质
[],迷你
['Mini-jupe'],短裙
['ourson'],泰迪熊
"['avec', 'patch']",贴片
[],logo
"['en', 'cuir']",皮革
['Sandales'],凉鞋
[],印花
"['de', 'coton', 'imprimé']",棉质
"['en', 'toile']",帆布
"['Sac', 'à', 'dos']",双肩包
['imprimé'],印花
"['en', 'coton', 'biologique']",有机棉
[],房子
['T-shirt'],T恤
[],双色
[],打褶
"['plissée', 'bicolore']",半身裙
"['Jupe', 'midi']",迷笛
['vulcanisé'],硫化
"['à', 'scratch', 'en', 'cuir']",皮革
[],粘扣
['Sneakers'],运动鞋
"['en', 'peluche', 'avec', 'sweat-shirt']",卫衣
['Ours'],泰迪熊
['clouté'],铆钉
[],短款
"['court', 'en', 'coton']",棉质
['Débardeur'],背心
['appliquées'],装饰
"['avec', 'étoiles']",星星
"['en', 'coton']",棉质
['Short'],短裤
[],印花
"['en', 'simili-cuir', 'imprimé']",仿皮
['Sandales'],凉鞋
[],印花
[],科技
"['en', 'tissu', 'technique', 'imprimé']",织物
['Casquette'],棒球帽
"['de', 'coton']",棉质
[],府绸
"['en', 'popeline']",连衣裙
['Robe'],打褶
[],莱卡
"['en', 'lycra']",amp
[],&
[],;
[],金银丝
['Bikini'],比基尼
[],印花
"['en', 'simili-cuir', 'imprimé']",仿皮
['Sandales'],凉鞋
"['en', 'coton']",棉质
['Bob'],渔夫帽
['brodé'],刺绣
"['de', 'coton']",棉质
"['en', 'popeline']",府绸
['Chemise'],衬衫
['imprimé'],印花
"['en', 'nylon']",尼龙
['Short'],短裤
[],蝴蝶结
[],装饰
"['avec', 'nœud']",格纹
"['en', 'simili-cuir', 'vichy']",仿皮
['Sandales'],凉鞋
['imprimé'],印花
"['en', 'toile']",帆布
"['Sac', 'porté', 'épaule']",单肩包
[],莱卡
"['asymétrique', 'en', 'lycra', 'et', 'lurex']",amp
[],金银丝
[],单肩
[],连体
"['une', 'pièce']",泳衣
[],&
['Maillot'],;
"['tie', '&amp;', 'dye']",扎染
"['en', 'coton']",棉质
['Short'],短裤
['recyclée'],再生
"['en', 'toile']",帆布
['Baskets'],运动鞋
['léopard'],豹纹
"['à', 'imprimé']",印花
['matelassée'],绗缝
[],蓬松
['Doudoune'],夹克
[],崔弟
['Titi'],印花
[],棉质
[],平纹
"['en', 'jersey', 'de', 'coton', 'imprimé']",针织
['T-shirt'],T恤
[],刺绣
"['en', 'denim', 'de', 'coton', 'biologique', 'brodé']",有机棉
['Jean'],牛仔裤
"['avec', 'patchs']",贴片
"['en', 'simili-cuir']",仿
['Bottes'],皮靴子
[],棉质
"['en', 'gabardine', 'de', 'coton']",华达呢
['Casquette'],棒球帽
[],莱卡
"['en', 'lycra']",amp
[],&
[],;
[],金银丝
['Bikini'],比基尼
"['en', 'seersucker']",泡泡纱
[],格纹
[],印花
['Robe'],连衣裙
"['à', 'scratch', 'en', 'cuir']",皮革
[],束带
['Sandales'],凉鞋
['gonflable'],充气
[],小熊
['Ours'],浮排
[],印花
['imprimé'],套装
"['en', 'lycra']",莱卡
['Bikini'],比基尼
[],亚麻
['Short'],短裤
[],皮革
['Basketsencuir'],运动鞋
[],Rounded
[],印花
[],尼龙
['Sacàdosennylonimprimé'],双肩包
[],棉质
[],平纹
"['de', 'coton', 'Tinycotons']",针织
[],Tinyc
[],ott
"['en', 'jersey']",ons
['T-shirt'],T恤
[],印花
"['en', 'coton', 'imprimé']",棉质
['Short'],短裤
['imprimé'],印花
"['en', 'cuir']",皮革
['Sandales'],凉鞋
[],装饰
['embelli'],草帽
['Panama'],巴拿马
[],棉质
"['de', 'coton', 'motif', 'coquelicot']",短裤
"['en', 'popeline']",府绸
[],Poppy
['Salopette'],灯笼
[],印花
['coquelicot'],棉质
"['en', 'popeline', 'de', 'coton', 'imprimé']",绸缎
[],Poppy
['Short'],短裤
['recyclée'],再生
"['en', 'toile']",帆布
['Sandales'],凉鞋
[],棉质
[],平纹
['coton'],针织
"['en', 'jersey', 'de']",发
['Bandeau'],带
['lurex'],莱卡
[],amp
[],金银丝
"['asymétrique', 'en', 'lycra', 'et']",单肩
[],&
[],;
['Bikini'],比基尼
[],莱卡
"['en', 'lurex', 'et']",amp
[],&
[],;
[],金银丝
['Short'],短裤
[],花朵
"['avec', 'fleurs']",装饰
"['en', 'cuir']",皮革
['Sandales'],凉鞋
"['en', 'coton', 'bio']",有机棉
[],被罩
"['Housse', 'de', 'couette', '', 'taie', ""d'oreiller""]",枕套
"['avec', 'bretelles']",背带
"['en', 'coton']",棉质
['Jupe'],半身裙
[],莱卡
"['en', 'lycra']",amp
[],&
[],;
[],金银丝
['Bikini'],比基尼
[],再生
[],帆布
['Sandalesentoilerecyclée'],凉鞋
['imprimé'],印花
[],真丝
"['en', 'soie', 'mélangée']",混纺
['Foulard'],围巾
['brodé'],刺绣
['biologique'],有机棉
"['en', 'coton']",套装
['Bikini'],比基尼
[],莱卡
"['en', 'lurex', 'et']",amp
[],&
[],;
[],金银丝
['Short'],短裤
['mélangé'],混纺
['technique'],科技
"['en', 'tissu']",织物
"['Sac', 'porté', 'épaule']",单肩包
['lurex'],amp
['et'],泳衣
[],褶饰
"['en', 'lycra']",莱卡
[],&
[],;
[],金银丝
['Bikini'],比基尼
"['en', 'coton']",棉质
[],格纹
['Short'],短裤
['recyclée'],脚蹬
[],再生
"['slip-on', 'en', 'toile']",帆布
[],一
['Baskets'],运动鞋
[],刺绣
[],弹力
"['de', 'coton', 'stretch', 'brodé']",棉质
"['en', 'denim']",牛仔
['Veste'],夹克
[],彩色
[],棉质
[],短款
['top'],上衣
['Crop'],水
[],弹力
[],棉质
['délavé'],牛仔
"['en', 'denim', 'de', 'coton', 'stretch']",洗水
['Short'],短裤
[],装饰
[],心形
[],印花
"['en', 'cuir']",皮革
"['à', 'lacets']",系带
[],泰迪熊
['Sneakers'],运动鞋
[],有机棉
"['biologique', 'mélangé']",混纺
[],星星
"['en', 'coton']",渔夫帽
['Bob'],印花
[],平纹
"['avec', 'volants']",针织
[],Logo
[],印花
"['en', 'jersey', 'imprimé']",褶饰
['Robe'],连衣裙
[],印花
"['en', 'coton', 'imprimé']",棉质
['T-shirt'],T恤
[],果冻
['Sandales'],凉鞋
"['de', 'coton']",棉质
"['en', 'gabardine']",渔夫帽
['Bob'],华达呢
[],层压
['laminé'],亮面
[],连体
"['Maillot', 'de', 'bain', 'une', 'pièce']",泳衣
"['à', 'volants']",印花
['imprimé'],褶饰
"['de', 'coton']",棉质
"['en', 'popeline']",府绸
['Jupe'],半身裙
[],米奇
"['Mickey', 'Mouse']",拖
"['en', 'caoutchouc']",橡胶
['Claquettes'],凉
['color-block'],撞色
"['en', 'coton', 'biologique']",有机棉
['Bonnet'],渔夫帽
['Tulip'],郁金香
[],棉质
[],平纹
"['de', 'coton']",针织
"['en', 'jersey']",印花
['T-shirt'],T恤
[],无袖
"['sans', 'manches']",混纺
"['en', 'lin', 'mélangé']",亚麻
['Robe'],连衣裙
[],蝴蝶结
[],装饰
[],波点
"['en', 'simili-cuir', 'à', 'pois', 'avec', 'nœud']",仿皮
['Sandales'],凉鞋
['imprimé'],印花
"['en', 'nylon']",尼龙
"['Sac', 'à', 'dos']",双肩包
[],花朵
[],装饰
[],棉质
"['avec', 'fleurs', 'appliquées']",连衣裙
"['en', 'jersey', 'de', 'coton']",平纹
['Robe'],针织
['brodé'],刺绣
"['en', 'coton']",棉质
['Pantalon'],运动裤
['parfumé'],香氛
[],装饰
"['en', 'caoutchouc']",橡胶
['Sandales'],凉鞋
[],仿皮
['Porte-monnaieensimili-cuir'],钱包
[],褶饰
[],棉质
"['en', 'voile', 'de', 'coton']",薄纱
['Chemise'],衬衫
['enduit'],涂层
"['en', 'coton', 'mélangé']",混棉
[],迷你
['Mini-jupe'],短裙
"['en', 'tulle']",装饰
[],薄纱
"['avec', 'fleurs']",花朵
"['en', 'cuir']",皮革
['Sandales'],凉鞋
[],棉质
[],平纹
[],针织
"['DÉTAIL', '', 'IRISÉ']",发
[],虹彩
"['BANDEAU', 'EN', 'JERSEY', 'DE', 'COTON']",带
[],棉质
[],平纹
[],针织
['T-shirtenjerseydecoton'],T恤
[],印花
['imprimé'],有机棉
"['biologique', 'mélangé']",混纺
"['en', 'denim']",牛仔
['Salopette'],背带裤
"['AVEC', 'CLOUS']",铆钉
"['EN', 'CUIR']",皮革
[],凉
['SANDALES'],拖
"['À', 'RAYURES']",条纹
['TRESSÉ'],编织
['TOTE'],托特
['SAC'],包
['intarsia'],嵌花
['mélangée'],混纺
"['de', 'laine']",羊毛
"['en', 'maille']",针织
['Pull-over'],毛衣
[],阔腿
[],纯棉
['JEAN'],牛仔裤
[],花朵
"['avec', 'fleurs']",装饰
"['en', 'cuir']",皮革
['Sneakers'],运动鞋
['OEIL-DE-CHAT'],猫眼
"['EN', 'ACÉTATE']",醋酸纤维
"['LUNETTES', 'DE', 'SOLEIL']",太阳镜
"['À', 'VOLANTS']",荷叶边
['PIÈCE'],连体
"['MAILLOT', 'DE', 'BAIN', 'UNE']",泳衣
"['', 'DE', 'VISCOSE']",针织
[],混纺
[],平纹
"['EN', 'JERSEY']",半身裙
['JUPE'],粘纤
['parfumé'],香氛
[],装饰
"['en', 'caoutchouc']",橡胶
['Sandales'],凉鞋
[],周身
"['en', 'jacquard']",提花
['Bonnet'],帽子
['imprimé'],印图
['biologique'],有机
"['en', 'jersey', 'de', 'coton']",棉织
['T-shirt'],T恤
"['EN', 'DENIM', 'DE', 'COTON', 'STRETCH']",弹力
[],棉质
['JEAN'],牛仔裤
[],装饰
[],牛仔
[],凉
['SANDALES'],拖
[],压纹
"['en', 'simili-cuir', 'à', '', 'embossé']",仿皮
"['Sac', 'porté', 'épaule']",单肩包
[],印花
[],棉质
"['EN', 'COTON', 'IMPRIMÉ']",背心
[],“
[],POPPY
['TOP'],”
[],弹力
[],棉质
['délavé'],牛仔
"['en', 'denim', 'de', 'coton', 'stretch']",洗水
['Short'],短裤
[],装饰
['parfumé'],香氛
[],橡胶
"['en', 'caoutchouc']",平底鞋
['Ballerines'],芭蕾
"['à', '', 'brodé']",刺绣
"['en', 'coton']",棉质
['Casquette'],棒球帽
"['à', 'capuche']",连帽
[],水晶
[],装饰
"['en', 'coton']",棉质
"['Robe', 'sweat']",连衣裙
[],棉质
[],平纹
"['de', 'coton']",迷你
"['courte', 'en', 'jersey']",针织
['Jupe'],短裙
[],花朵
"['avec', 'fleurs']",装饰
"['en', 'cuir']",皮革
['Sandales'],凉鞋
['et'],amp
"['de', 'coton']",棉质
"['en', 'gabardine']",渔夫帽
[],华达呢
[],&
['Bob'],;
['lurex'],莱卡
[],amp
[],金银丝
"['asymétrique', 'en', 'lycra', 'et']",单肩
[],&
[],;
['Bikini'],比基尼
[],印花
"['de', 'coton', 'imprimé']",棉质
[],平纹
"['en', 'jersey']",针织
['t-shirt'],T恤
['Robe'],裙
['Baskets'],运动鞋
[],再生
"['recyclé', 'avec', 'bande']",织物
"['en', 'tissu', 'tech']",科技
"['Sac', 'à', 'dos']",双肩包
[],棉质
[],短款
"['Crop', 'top']",上衣
[],印花
"['cycliste', 'à', 'imprimé']",骑行
['Short'],短裤
[],麂皮
['Sneakersendaim'],运动鞋
[],棉质
[],府绸
['Chemiseenpopelinedecoton'],衬衫
"['à', '', 'caoutchouté']",胶浆
[],棉质
[],平纹
"['de', 'coton']",针织
"['en', 'jersey']",印花
['T-shirt'],上衣
['imprimé'],印花
"['en', 'coton', 'mélangé']",混棉
['Jupe'],半身裙
[],网眼
[],&
[],amp
[],;
[],皮革
['Sneakersenmeshetcuir'],运动鞋
"['à', '', 'brodé']",刺绣
"['en', 'coton']",棉质
['Casquette'],棒球帽
"['en', 'coton', 'mélangé']",混棉
['Robe'],连衣裙
[],心形
[],印花
"['imprimé', 'coeurs']",连体
"['une', 'pièce', 'en', 'lycra']",莱卡
"['Maillot', 'de', 'bain']",泳衣
['parfumé'],香氛
[],装饰
"['en', 'caoutchouc']",橡胶
['Sandales'],凉鞋
"['en', 'simili-cuir']",仿皮
"['Sac', 'à', 'dos']",双肩包
[],白鹅
[],印花
[],平纹
"['avec', 'appliques']",针织
"['de', 'coton']",棉质
"['en', 'jersey']",装饰
['T-shirt'],T恤
"['avec', 'bretelles']",背带
"['en', 'coton']",棉质
['Jupe'],半身裙
['Mickey'],米奇
"['en', 'caoutchouc']",橡胶
['Sandales'],凉鞋
"['et', 'lycra']",amp
"['en', 'lurex']",金银丝
[],莱卡
[],&
[],;
['Bob'],渔夫帽
[],莱卡
"['en', 'lycra', 'et', 'lurex']",amp
[],金银丝
[],连体
"['de', 'bain', 'une', 'pièce']",泳衣
[],&
['Maillot'],;
['mélangé'],混纺
"['en', 'modal']",莫代尔
['t-shirt'],T恤
['Robe'],裙
['floral'],印花
"['en', 'simili-cuir', 'imprimé']",仿皮
['Sandales'],凉鞋
[],棉质
"['réversible', 'en', 'sergé', 'de', 'coton']",斜纹
['Bob'],渔夫帽
[],印花
"['en', 'coton', 'biologique', 'imprimé']",上衣
['Haut'],有机棉
['imprimé'],印花
"['en', 'coton', 'biologique']",有机棉
['midi'],迷笛
['Jupe'],半身裙
[],装饰
['embelli'],拖
"['en', 'caoutchouc']",橡胶
['Claquettes'],凉
[],印花
"['Bandeau', 'à', 'imprimé']",发夹
['tigre'],老虎
['imprimé'],印花
"['en', 'coton', 'biologique']",有机棉
['T-shirt'],T恤
"['de', 'coton']",棉质
[],弹力
"['en', 'denim']",牛仔
['Short'],短裤
[],麻底
['Espadrilles'],便鞋
['verni'],漆皮
"['en', 'simili-cuir']",人造
"['Sac', 'porté', 'épaule']",单肩包
[],流苏
[],绸缎
"['en', 'satin', 'à', 'franges']",连体衣
['Combinaison'],细节
[],虹
[],彩色
"['', 'irisé']",发
['imprimé'],印花
"['en', 'coton']",棉质
['Bandeau'],带
['Baskets'],运动鞋
"['éponge', 'imprimé']",印花
"['en', 'coton']",棉质
[],沙滩
"['de', 'bain']",巾
['Serviette'],毛巾布
['technique'],科技
"['en', 'tissu']",织物
[],连体
"['Maillot', 'une', 'pièce']",泳衣
[],渐变色
"['couleur', 'dégradée']",半身裙
"['en', 'denim', 'de', 'coton', 'de']",棉质
['Jupe'],牛仔
[],草莓
[],造型
"['en', 'simili-cuir']",仿皮
['Sandales'],凉鞋
[],草编
['Bob'],渔夫帽
[],老虎
['tigre'],网眼
[],印花
[],棉质
"['résille', 'à', 'motif']",平纹
['et'],amp
"['en', 'jersey', 'de', 'coton']",针织
[],&
[],;
['Robe'],连衣裙
['léopard'],豹纹
['imprimé'],印花
"['en', 'lycra']",莱卡
['Bikini'],比基尼
['parfumé'],香味
[],橡胶
"['en', 'caoutchouc']",平底鞋
['Ballerines'],芭蕾
[],再生
"['recyclé', 'avec', 'bande']",织物
"['en', 'tissu', 'tech']",科技
"['Sac', 'à', 'dos']",双肩包
[],豹纹
[],印花
"['en', 'lycra', 'imprimé', 'léopard']",上衣
['Haut'],莱卡
[],豹纹
['léopard'],紧身裤
"['en', 'lycra', 'imprimé']",印花
['Legging'],莱卡
"['en', 'nylon']",尼龙
['Sandales'],凉鞋
"['en', 'peluche', 'avec', 'sweat-shirt']",卫衣
['Ours'],泰迪熊
[],胶浆
"['et', 'volants']",褶饰
"['en', 'coton', 'avec', '', 'caoutchouté']",棉质
['Haut'],上衣
"['à', '', 'caoutchouté']",胶浆
"['en', 'coton']",棉质
[],印花
['Short'],短裤
[],网眼
[],系带
['Basketsàlacetsenmesh'],运动鞋
[],科技
['recyclé'],织物
"['banane', 'en', 'tissu', 'technique']",再生
['Sac'],腰包
[],印花
[],棉质
[],平纹
"['en', 'jersey', 'de', 'coton', 'à', 'imprimé']",针织
['T-shirt'],T恤
"['de', 'coton']",棉质
"['en', 'denim']",牛仔
['Short'],短裤
[],高帮
['Basketsmontantes'],运动鞋
"['seau', 'en', 'simili-cuir']",仿皮
[],水桶
['Sac'],包
"['', 'irisé']",虹彩
['imprimé'],印花
"['en', 'coton']",棉质
['Robe'],连衣裙
[],印花
"['Bandeau', 'à', 'imprimé']",发夹
[],花朵
"['avec', 'fleurs']",装饰
"['en', 'cuir']",皮革
['Sandales'],凉鞋
[],流苏
"['en', 'paille', 'à', 'franges']",草编
['Sac'],包
['brodé'],刺绣
"['en', 'coton', 'biologique']",有机棉
['Chemsie'],衬衫
"['en', 'viscose']",粘胶纤维
['Short'],短裤
['parfumé'],香味
[],橡胶
"['en', 'caoutchouc']",平底鞋
['Ballerines'],芭蕾
[],棉质
"['en', 'gabardine', 'de', 'coton']",华达呢
['Casquette'],棒球帽
['imprimé'],印花
"['en', 'lycra']",莱卡
[],连体
"['Maillot', 'de', 'bain', 'une', 'pièce']",泳衣
['color-block'],撞色
"['de', 'coton']",棉质
"['en', 'denim']",牛仔
['Short'],短裤
[],再生
[],帆布
[],芭蕾
['Ballerinesentoilerecyclée'],平底鞋
"['en', 'coton']",棉质
['Bob'],渔夫帽
[],蝴蝶结
"['avec', 'nœud']",装饰
"['de', 'coton']",棉质
"['en', 'popeline']",府绸
[],格纹
['Chemise'],上衣
[],棉质
"['en', 'batiste', 'de', 'coton', 'à', '', 'délavé']",布
[],青年
['Short'],短裤
['pailleté'],亮粉
['parfumé'],香氛
"['en', 'caoutchouc']",橡胶
['Sandales'],凉鞋
"['de', 'protection', 'stretch']",弹力
['Masque'],口罩
['imprimé'],印花
"['en', 'coton', 'biologique']",有机棉
['T-shirt'],T恤
[],周身
['IMPRIMÉ'],印花
['INTERLOCK'],双面
"['EN', 'COTON']",棉
['JUPE'],短裙
['Goofy'],飞
['parfumé'],香味
"['en', 'caoutchouc']",橡胶
[],高
['Sandales'],凉鞋
['appliquées'],装饰
[],花朵
"['en', 'velours', 'avec', 'flerus']",发夹
['Serre-tête'],天鹅绒
[],弹力
"['en', 'denim']",牛仔
['Veste'],夹克
"['en', 'laine']",羊毛
['Robe'],连衣裙
"['en', 'cuir']",皮革
['Sneakers'],运动鞋
['FAUSSE'],草领
"['COL', 'EN']",人造皮
"['EN', 'DENIM', 'ET']",牛仔
['VESTE'],夹克
[],安哥拉
[],羊毛
[],混纺
[],针织
"[""Pull-overenmailled'angoramélangé""]",毛衣
[],心形
"['DÉTAIL', 'CŒUR']",束带
"['À', 'SCRATCH', 'EN', 'CUIR']",皮革
['SNEAKERS'],运动鞋
"['en', 'simili-cuir']",仿皮
['Casquette'],棒球帽
"['de', 'laine']",羊毛
"['en', 'maille']",针织
['Pull-over'],毛衣
"['en', 'denim', 'de', 'coton', 'embelli']",装饰
[],纯棉
['Jean'],牛仔裤
[],印花
"['en', 'coton', 'imprimé']",棉质
['montantes'],高帮
[],袜子
['Sneakers'],运动鞋
"['en', 'fausse', 'fourrure']",人造皮草
['Veste'],夹克
[],蜂蜜
['miel'],针织
[],印花
[],棉质
"['en', 'jersey', 'de', 'coton', 'imprimé']",平纹
[],长袖
['T-shirt'],T恤
[],纯棉
['JEANS'],牛仔裤
['imprimé'],印花
"['en', 'simili-cuir']",仿
['Bottes'],皮靴子
[],维尼熊
[],装饰
"['stretch', 'Winnie']",弹力
"['en', 'denim']",牛仔
['Veste'],夹克
[],植绒
"['EN', 'JERSEY', 'DE', 'COTON', '', 'FLOQUÉ']",棉质
[],平纹
[],针织
['T-SHIRT'],T恤
[],印图
[],棉
[],混纺
"['LEGGING', 'EN', 'COTON', 'MÉLANGÉ', 'IMPRIMÉ']",紧身裤
['mélangé'],混合
"['en', 'cuir']",皮革
"['à', 'lacets']",系带
['Baskets'],运动鞋
"['&amp;', 'ceinture']",腰带
['fourrure'],人造皮草
"['en', 'fausse']",大衣
['Manteau'],系
['imprimé'],印花
[],飞天
[],绉纱
"['en', 'crêpe']",连衣裙
['Robe'],小女警
['jacquard'],提花
['mélangé'],混棉
"['en', 'coton']",长袜
[],飞天
['Collant'],小女警
['CLOUTÉ'],铆钉
"['EN', 'DAIM']",麂皮
[],拉链
['ZIPPÉES'],开合
['BOTTES'],靴子
[],装饰
['embellie'],发夹
"['en', 'viscose', 'mélangée']",混纺
['Serre-tête'],粘胶纤维
"['en', 'coton']",棉质
[],印花
['Pull-over'],毛衣
[],星星
"['en', 'denim', 'stretch', 'à', 'étoiles', 'brodées']",刺绣
[],弹力
['Jean'],牛仔裤
['Bambi'],斑比
['imprimé'],印花
"['en', 'cuir']",皮革
['Sneakers'],运动鞋
['bio'],有机棉
[],混纺
"['mélangée', 'et', 'coton']",针织
"['de', 'laine']",羊毛
"['en', 'maille']",amp
[],&
[],;
['Cardigan'],开衫
"['et', 'embelli']",装饰
[],印图
[],amp
"['en', 'coton', 'imprimé']",纯棉
[],&
[],;
['T-shirt'],T恤
[],装饰
[],棉质
"['large', 'en', 'denim', 'de', 'coton', 'embelli']",阔腿
['Jean'],牛仔裤
"['en', 'fausse', 'fourrure']",人造皮草
"['avec', 'pompon']",绒球
"['en', 'cuir']",皮革
['Bottes'],靴子
[],花朵
[],装饰
[],羊毛
"['en', 'laine', 'mélangée', 'avec', 'fleurs', 'appliquées']",混纺
['Chapeau'],帽子
[],弹力
"['EN', 'LAINE']",剪羊毛
[],初
['VESTE'],夹克
[],周身
['IMPRIMÉE'],印花
"['EN', 'VISCOSE']",粘胶纤维
['CHEMISE'],衬衫
[],刺绣
"['en', 'simili-cuir', 'brodé']",仿皮
['Short'],短裤
[],小鹿
[],斑比
[],拉链
[],棉质
"['à', 'capuche', 'Bambi']",连帽
"['en', 'coton']",卫衣
"['Sweat-shirt', 'zippé']",开合
[],棉质
[],平纹
"['en', 'jersey', 'de', 'coton']",针织
['T-shirt'],T恤
"['AVEC', '', 'BRODÉ']",刺绣
"['EN', 'COTON']",棉质
['PANTALON'],运动裤
"['EN', 'CUIR']",皮革
['BASKETS'],运动鞋
[],腰带
"['en', 'teddy', 'avec', 'ceinture']",毛绒
[],系
[],泰迪
['Manteau'],大衣
[],羊毛
[],混纺
"['EN', 'LAINE', 'MÉLANGÉE']",嵌
[],花针
['PULL-OVER'],织毛衣
['STRETCH'],弹力
"['EN', 'DENIM', 'DE', 'COTON', 'BIOLOGIQUE']",有机棉
['JEAN'],牛仔裤
[],系带
['Basketsàlacets'],运动鞋
[],印图
['PETITSACÀDOSAVECIMPRIMÉ'],双肩包
"['à', 'capuche']",连帽
[],再生
['recyclé'],蓬松
"['en', 'nylon']",尼龙
[],Logo
['Manteau'],夹克
[],维尼熊
"['Winnie', ""l'ourson""]",装饰
"['en', 'coton']",棉质
['Sweat-shirt'],卫衣
"['', 'IMPRIMÉ']",印图
['AVEC'],侧面
['PANTALON'],运动裤
"['à', 'capuche']",连帽
"['en', 'nylon']",尼龙
['Doudoune'],羽绒服
"['de', 'laine']",羊毛
"['en', 'maille']",针织
['Pull-over'],毛衣
[],弹力
[],棉质
['Jean'],牛仔裤
"['À', 'LACETS']",系带
"['EN', 'CUIR']",皮革
['SNEAKERS'],运动鞋
"['rond', 'en', 'cuir']",皮革
"['porté', 'épaule']",单肩包
['Sac'],Round
"['de', 'laine']",装饰
"['en', 'maille']",针织
[],维尼熊
['Cardigan'],开衫
[],弹力
[],棉质
"['BIKER', 'EN', 'COTON', 'STRETCH']",机车
['JEAN'],牛仔裤
[],泰迪熊
[],装饰
"['en', 'cuir', 'verni', 'détail', 'ourson']",漆
['Bottes'],皮靴子
[],羊毛
"['EN', 'MAILLE', 'DE', 'LAINE', 'À']",针织
[],周身
['BONNET'],便帽
['INTARSIA'],剪羊毛
[],LOGO
"['EN', 'LAINE', 'VIERGE']",针织
[],嵌花
[],初
['PULL-OVER'],毛衣
"['EN', 'DENIM', 'DE', 'COTON', 'STRETCH']",弹力
[],纯棉
['JEAN'],牛仔裤
[],“
[],”
[],皮革
[],系带
"['SNEAKERSÀLACETSENCUIR""""']",运动鞋
[],针织
"['EN', 'FAUSSE', 'FOURRURE', 'TRICOTÉE']",人造皮草
['GILET'],马甲
[],腰带
[],印花
"['mélangée', 'imprimée', '&amp;', 'ceinture']",混纺
[],初
"['en', 'laine', 'vierge']",剪羊毛
[],系
['Robe'],连衣裙
[],提花
['jacquard'],针织
"['de', 'coton', 'mélangé']",混棉
"['en', 'maille']",小熊
['Chaussettes'],长袜
[],皮革
"['combat', 'en', 'cuir']",军风
['Bottes'],靴
[],印花
[],拉链
[],开合
[],科技
[],织物
['Sweat-shirtzippéentissutechniqueà'],卫衣
"['EN', 'JERSEY']",针织
['COURT'],短款
[],棉质
[],平纹
['T-SHIRT'],T恤
[],科技
['technique'],织物
"['en', 'tissu']",周身
"['Pantalon', 'de', 'sport']",运动裤
"['en', 'cuir']",皮革
"['à', 'lacets']",系带
['Sneakers'],运动鞋
['IMPRIMÉ'],印花
[],棉质
"['SWEAT-SHIRT', 'EN', 'COTON']",卫衣
[],印花
[],棉质
[],平纹
"['EN', 'JERSEY', 'DE', 'COTON', 'IMPRIMÉ']",针织
['T-SHIRT'],T恤
['dalmatien'],斑点
[],印花
"['côtelé', 'imprimé']",灯芯绒
"['en', 'coton']",棉质
['Pantalon'],裤子
[],“
[],”
[],高帮
[],皮革
"['SNEAKERSMONTANTESENCUIR""""']",运动鞋
['imprimé'],印花
[],棉质
"['en', 'coton']",发
['Serre-tête'],带
[],弹力
"['EN', 'DENIM', 'STRETCH']",牛仔
['VESTE'],夹克
['imprimé'],印花
[],飞天
[],绉纱
"['en', 'crêpe']",连衣裙
['Robe'],小女警
"['en', 'fausse', 'fourrure']",人造皮草
"['avec', 'pompon']",绒球
"['en', 'cuir']",皮革
['Bottes'],靴子
[],剪羊毛
"['en', 'shearling', 'synthétique']",大衣
['Manteau'],人造
"['à', 'capuche']",连帽
[],撞色
"['en', 'coton', 'bio', 'color-block']",卫衣
['Sweat-shirt'],有机棉
[],装饰
[],纯棉
['JEAN'],牛仔裤
['AVEC'],周身
['MONTANTES'],高帮
['SNEAKERS'],运动鞋
"['EN', 'ACÉTATE']",醋酸纤维
"['LUNETTES', 'DE', 'SOLEIL']",太阳镜
[],印花
['imprimé'],平纹
[],棉质
"['en', 'jersey', 'de', 'coton']",针织
['Robe'],连衣裙
[],边带
"['DE', 'JOGGING', 'EN', 'COTON']",纯棉
[],LOGO
['PANTALON'],运动裤
"['EN', 'CUIR']",皮革
['BASKETS'],运动鞋
[],花朵
[],装饰
[],羊毛
"['en', 'laine', 'mélangée', 'avec', 'fleurs', 'appliquées']",混纺
['Chapeau'],帽子
[],绣饰
[],弹力
"['de', 'coton', 'stretch', 'brodé']",纯棉
"['en', 'denim']",牛仔
['Veste'],夹克
[],嵌花
"['en', 'maille', 'intarsia']",针织
['Robe'],连衣裙
[],周身
[],印花
"['en', 'cuir']",皮革
"['à', 'lacets']",系带
[],泰迪熊
['Sneakers'],运动鞋
[],提花
"['mélangée', 'jacquard']",混纺
"['de', 'laine']",羊毛
"['en', 'maille']",针织
['Pull-over'],毛衣
['ROSES'],贴片
"['EN', 'POPELINE', 'DÉTAIL', 'PATCHS']",府绸
[],玫瑰
['CHEMISE'],衬衫
['FINES'],混纺
"['EN', 'LAINE', 'À']",羊毛
['PANTALON'],裤子
[],巴洛克
"['CUIR', 'IMPRIMÉ', 'BAROQUE']",印花
"['EN', 'SIMILI']",仿皮
['SNEAKERS'],运动鞋
['CUIR'],仿皮
"['EN', '', 'ET', 'SIMILI']",amp
"['À', 'DOS']",双肩包
[],&
['SAC'],;
[],斑点
[],印花
"['imprimé', 'dalmatien']",棉质
"['en', 'coton', 'côtelé']",灯芯绒
['Veste'],夹克
"['AVEC', '', 'BRODÉ']",刺绣
"['EN', 'COTON']",棉质
['PANTALON'],运动裤
[],“
[],”
[],皮革
[],系带
"['SNEAKERSÀLACETSENCUIR""""']",运动鞋
"['et', 'fausse', 'fourrure']",人造皮草
['coton'],棉质
[],斜纹
"['en', 'sergé', 'de']",大衣
['Manteau'],领子
['bio'],有机棉
[],羊毛
[],混纺
"['en', 'maille', 'de', 'laine', 'mélangée', 'et', 'coton']",针织
[],&
[],amp
[],;
['Pull'],毛衣
"['IMITATION', 'DENIM']",牛仔
[],效果
['PANTALON'],裤子
[],“
[],”
"['BASKETS""""']",运动鞋
"['PORTÉ', 'ÉPAULE', 'TRESSÉ']",编织
['SAC'],肩包
[],刺绣
"['MOLLETONNÉ', 'BRODÉ']",卫
"['EN', 'COTON']",纯棉
['ROBE'],衣裙
['APPLIQUÉE'],宽
[],花朵
"['DE', 'PAILLE', 'AVEC', 'FLEUR']",装饰
['CHAPEAU'],沿帽
[],蝴蝶
"['À', 'PATCH', 'PAPILLON']",装饰
[],皮革
"['EN', 'CUIR']",便鞋
['ESPADRILLES'],麻底
[],刺绣
"['et', 'nylon', 'avec', 'broderies']",尼龙
"['en', 'fausse', 'fourrure']",人造皮草
[],&
[],amp
[],;
['Veste'],夹克
"['Les', 'Supers', 'Nanas']",飞天
[],嵌花
"['de', 'laine']",羊毛
"['en', 'maille']",针织
[],小女警
['Pull-over'],毛衣
"['EN', 'DENIM', 'DE', 'COTON', 'STRETCH']",弹力
[],棉质
['JEAN'],牛仔裤
"['avec', 'pompons']",心形
[],流苏
[],装饰
"['à', 'motif', 'cœur']",印花
['Bottes'],靴子
[],印花
"['', 'imprimé']",amp
['jersey'],针织
[],平纹
['et'],连衣裙
"['en', 'popeline']",府绸
[],&
['Robe'],;
[],星星
"['avec', 'étoiles', 'floquées']",植绒
"['en', 'tulle']",薄纱
['Robe'],连衣裙
[],星星
[],印花
"['coton', 'imprimé']",棉质
['de'],府绸
"['en', 'popeline']",连身
['Combinaison'],裤
['Titi'],崔弟
['imprimé'],印花
[],连体
"['Maillot', 'de', 'bain', 'une', 'pièce']",泳衣
[],星星
"['avec', 'patchs', 'étoiles']",贴片
"['en', 'coton']",棉质
['Short'],短裤
[],蝴蝶结
[],装饰
"['à', 'rayures', 'avec', 'noeud']",条纹
[],府绸
"['en', 'popeline']",连身
['Combinaison'],裤
[],印花
[],棉质
[],短款
['T-shirtcourtencotonimprimé'],T恤
[],心形
[],印花
[],棉质
[],连身
"['en', 'popeline', 'de', 'coton', 'imprimé', 'cœurs']",裤
['Salopette'],府绸
"['à', 'capuche']",连帽
[],水晶
[],装饰
"['en', 'coton']",棉质
"['Robe', 'sweat']",连衣裙
[],印花
[],棉质
[],平纹
"['en', 'jersey', 'de', 'coton', 'imprimé']",针织
['T-shirt'],T恤
[],印花
[],棉质
[],平纹
"['en', 'jersey', 'de', 'coton', 'imprimé']",针织
['T-shirt'],T恤
[],植绒
['floquées'],星星
"['à', 'étoiles']",amp
[],棉
[],薄纱
"['en', 'tulle', 'et', 'coton']",连衣裙
[],&
['Robe'],;
[],玫瑰
[],印花
[],平纹
['roses'],针织
"['en', 'jersey', 'de', 'coton', 'imprimé']",棉质
['T-shirt'],T恤
[],玫瑰
[],印花
[],平纹
['roses'],针织
"['en', 'jersey', 'de', 'coton', 'imprimé']",棉质
['T-shirt'],T恤
[],星星
['étoiles'],黏胶纤维
"['de', 'viscose', 'imprimé']",印花
"['en', 'sergé']",斜纹
['Pantalon'],裤子
[],印花
[],连体
['Maillotdebainunepièceimprimé'],泳衣
[],星星
[],印花
"['en', 'coton', 'imprimé', 'étoiles']",棉质
"['Robe', 'sweat']",连衣裙
[],心形
[],印花
[],棉质
"['en', 'popeline', 'de', 'coton', 'imprimé', 'cœurs']",连衣裙
['Robe'],府绸
"['à', 'capuche']",连帽
[],云朵
['nuages'],马甲
"['sans', 'manches', 'imprimé']",印花
['Doudoune'],蓬松
"['de', 'coton']",棉质
"['en', 'crochet']",钩织
['Débardeur'],背心
[],心形
['cœur'],棉质
[],图案
"['à', 'motif']",连衣裙
[],薄纱
"['de', 'coton', 'et', 'tulle']",amp
"['en', 'popeline']",府绸
[],&
['Robe'],;
['imprimé'],印花
[],薄纱
"['de', 'soirée', 'en', 'tulle']",派对
['Robe'],连衣裙
[],棉质
['Débardeurencoton'],背心
[],玫瑰
[],印花
[],平纹
['roses'],针织
"['en', 'jersey', 'de', 'coton', 'imprimé']",棉质
['T-shirt'],T恤
[],蝴蝶结
[],印花
"['en', 'coton', 'imprimé', 'avec', 'nœuds']",棉质
['court'],短款
[],装饰
['T-shirt'],T恤
[],棉质
"['motif', 'cœurs']",平纹
[],针织
"['de', 'coton']",上衣
[],心形
"['', 'legging', 'en', 'jersey']",印花
['Haut'],紧身裤
"['à', 'capuche']",连帽
[],水晶
[],装饰
[],印花
"['en', 'coton', 'imprimé']",卫衣
['Sweat-shirt'],棉质
"['à', 'capuche']",连帽
[],水晶
[],装饰
[],印花
"['en', 'coton', 'imprimé']",卫衣
['Sweat-shirt'],棉质
[],印花
['imprimé'],平纹
[],棉质
"['en', 'jersey', 'de', 'coton']",针织
['Robe'],连衣裙
"['à', 'rayures']",条纹
[],钩织
"['en', 'crochet', 'de', 'coton']",棉质
['Haut'],背心
[],棉质
[],平纹
"['en', 'jersey', 'de', 'coton']",针织
[],小熊
['T-shirt'],T恤
"['en', 'coton', 'biologique']",有机棉
"[""d'éveil""]",Sea
['Tapis'],毯子
[],崔弟
['Titi'],印花
['imprimé'],平纹
[],棉质
"['en', 'jersey', 'de', 'coton']",针织
['Robe'],连衣裙
[],星星
['étoiles'],科技
"['tech', 'imprimé']",印花
"['en', 'tissu']",织物
"['2', 'pièces']",套装
['Maillot'],比基尼
['roses'],玫瑰
[],印花
[],平纹
"['en', 'jersey', 'imprimé']",针织
['Legging'],紧身裤
['roses'],玫瑰
[],印花
[],平纹
"['en', 'jersey', 'imprimé']",针织
['Legging'],紧身裤
['biologique'],有机棉
"['en', 'coton']",玩具
"['Mobile', 'naturel']",Nature
[],印花
"['de', 'coton', 'imprimé', 'floral']",棉质
"['en', 'popeline']",府绸
['Robe'],连衣裙
"['à', 'volants']",印花
['imprimé'],褶饰
"['de', 'coton']",棉质
"['en', 'popeline']",府绸
['Jupe'],半身裙
[],logo
"['à', 'capuche']",连帽
[],装饰
"['en', 'coton']",棉质
[],小熊
"['Robe', 'sweat']",连衣裙
"['en', 'coton', 'biologique']",有机棉
"[""d'éveil""]",Nature
['Tapis'],毯子
[],棉质
"['en', 'coton']",卫衣
[],装饰
[],拉链
['zippé'],开合
['Sweat-shirt'],小熊
['imprimé'],印花
[],褶饰
"['long', 'en', 'coton']",棉质
['T-shirt'],T恤
[],印花
[],褶饰
[],棉质
['Hautencotonimpriméàvolants'],上衣
[],崔弟
['Titi'],印花
[],棉质
[],平纹
"['en', 'jersey', 'de', 'coton', 'imprimé']",针织
['T-shirt'],T恤
[],棉质
[],平纹
"['de', 'coton']",针织
[],玫瑰
"['en', 'jersey']",印花
['T-shirt'],T恤
[],星星
['étoiles'],麻
[],印花
"['en', 'coton', 'et', 'lin', 'imprimé']",棉
[],&
[],amp
[],;
['Veste'],夹克
[],花朵
"['à', 'fleurs', 'brodées']",刺绣
"['de', 'coton']",棉质
"['en', 'popeline']",府绸
['Robe'],连衣裙
[],花朵
"['à', 'fleurs', 'brodées']",刺绣
"['de', 'coton']",棉质
"['en', 'popeline']",府绸
['Robe'],连衣裙
[],花朵
[],装饰
[],棉
"['avec', 'fleurs', 'appliquées']",连衣裙
[],薄纱
"['en', 'tulle', 'et', 'coton']",amp
[],&
['Robe'],;
"['coton', 'biologique']",有机棉
['et'],amp
['lin'],亚麻
['de'],钩织
"['en', 'crochet']",连衣裙
[],&
['Robe'],;
['froncé'],层叠
[],棉质
"['midi', 'en', 'coton']",衬衫
['chemise'],迷笛
['Robe'],裙
"['à', 'rayures']",条纹
"['de', 'coton']",棉质
"['en', 'popeline']",府绸
['Robe'],连衣裙
[],连帽
"['en', 'coton', 'à', 'capuche']",卫衣
['Sweat-shirt'],棉质
[],连帽
"['en', 'coton', 'à', 'capuche']",卫衣
['Sweat-shirt'],棉质
[],撞色
[],层叠
[],棉质
"['midi', 'en', 'popeline', 'de', 'coton', 'color-block']",连衣裙
['Robe'],迷笛
[],撞色
[],层叠
[],棉质
"['midi', 'en', 'popeline', 'de', 'coton', 'color-block']",连衣裙
['Robe'],迷笛
"['de', 'coton']",棉质
"['en', 'popeline']",府绸
['Robe'],连衣裙
"['de', 'coton']",棉质
"['en', 'popeline']",府绸
['Robe'],连衣裙
[],层叠
[],薄纱
[],amp
"['et', 'coton']",棉
[],合
"['-en-', 'en', 'tulle']",连衣裙
[],&
['Robe'],;
[],连帽
"['en', 'coton', 'à', 'capuche']",卫衣
['Sweat-shirt'],棉质
[],连帽
"['en', 'coton', 'à', 'capuche']",卫衣
['Sweat-shirt'],棉质
[],棉质
[],平纹
"['en', 'jersey', 'de', 'coton']",针织
['T-shirt'],T恤
[],棉质
[],平纹
"['en', 'jersey', 'de', 'coton']",针织
['T-shirt'],T恤
"['à', 'capuche']",棉质
[],平纹
"['en', 'jersey', 'de', 'coton']",针织
[],连帽
"['Robe', 'sweat']",连衣裙
[],棉质
[],平纹
"['en', 'jersey', 'de', 'coton']",针织
['T-shirt'],T恤
[],棉
"['en', 'coton', 'et', 'lin']",麻
['matelassée'],绗缝
[],&
[],amp
[],;
['Veste'],夹克
"['coton', 'froncé']",棉质
['de'],连衣裙
"['en', 'popeline']",府绸
"['Robe', 'longue']",层叠
[],泡泡
[],袖
[],棉质
"['à', 'manches', 'bouffantes']",连衣裙
"['en', 'jersey', 'de', 'coton']",平纹
['Robe'],针织
[],Mascot
[],棉质
[],青年
[],布
['Salopetteenbatistedecoton'],背带裤
['technique'],科技
"['en', 'tissu']",织物
[],连体
"['Maillot', 'de', 'bain', '1', 'pièce']",泳衣
"['avec', 'jupe', 'en', 'seersucker']",平纹
[],棉质
"['en', 'jersey', 'de', 'coton']",针织
['Robe'],连衣裙
"['avec', 'jupe', 'en', 'seersucker']",平纹
[],棉质
"['en', 'jersey', 'de', 'coton']",针织
['Robe'],连衣裙
[],蝴蝶结
[],装饰
[],织物
"['détail', 'nœud']",套装
"['en', 'tissu', 'technique']",科技
['Bikini'],比基尼
['recyclée'],再生
"['en', 'toile']",帆布
['Baskets'],运动鞋
['étoiles'],星星
['imprimé'],印花
"['en', 'coton', 'mélangé']",混棉
['Cardigan'],开衫
[],扎染
"['en', 'coton', 'tie', '&amp;']",卫衣
['Sweat-shirt'],棉质
[],撞色
[],层叠
[],棉质
"['en', 'popeline', 'de', 'coton', 'color-block']",连衣裙
['Robe'],府绸
[],撞色
[],层叠
[],棉质
"['en', 'popeline', 'de', 'coton', 'color-block']",连衣裙
['Robe'],府绸
['étoiles'],星星
['imprimé'],印花
"['en', 'coton']",棉质
['Pantalon'],运动裤
[],条纹
[],棉质
"['à', 'rayures']",平纹
"['en', 'jersey', 'de', 'coton']",针织
['T-shirt'],T恤
"['à', 'capuche']",连帽
[],印花
['imprimé'],防风
"['en', 'nylon']",尼龙
['Coupe-vent'],夹克
[],尼龙
"['en', 'nylon']",防风
['Coupe-vent'],夹克
[],系带
['Basketsàlacets'],运动鞋
['imprimé'],印花
"['en', 'coton']",棉质
[],迷你
['Mini-jupe'],短裙
[],亚麻
['Short'],短裤
[],印花
[],科技
"['en', 'tissu', 'technique', 'imprimé']",织物
['Casquette'],棒球帽
['recyclée'],再生
"['en', 'toile']",帆布
['Sandales'],凉鞋
[],条纹
[],平纹
"['à', 'rayures']",连衣裙
"['en', 'jersey', 'de', 'coton']",棉质
['Robe'],针织
['stretch'],弹力
"['en', 'coton']",棉质
"['Pantalon', 'de', 'survêtement']",运动裤
[],蝴蝶结
[],装饰
"['avec', 'nœud']",连衣裙
['plissée'],打褶
"['Robe', 'midi']",迷笛
['intarsia'],嵌花
"['en', 'maille']",针织
['Cardigan'],开衫
[],泡泡纱
['Robe'],连衣裙
"['à', 'rayures']",条纹
[],棉质
"['en', 'maille', 'de', 'coton']",针织
['Robe'],连衣裙
['recyclée'],再生
"['en', 'toile']",帆布
['Sandales'],凉鞋
['tournesol'],向日葵
[],印花
"['en', 'coton', 'imprimé']",卫衣
['Sweat-shirt'],棉质
"['à', 'capuche']",连帽
[],尼龙
"['en', 'nylon']",防雨
['Imperméable'],大衣
[],印花
[],棉质
[],平纹
"['en', 'jersey', 'de', 'coton']",针织
['Robe'],连衣裙
[],印花
[],棉质
[],平纹
"['en', 'jersey', 'de', 'coton']",针织
['Robe'],连衣裙
[],双面
['interlock'],布
"['en', 'coton']",棉质
['Barboteuse'],连体衣
[],香味
[],橡胶
[],芭蕾
['Ballerinesencaoutchoucparfumé'],平底鞋
"['à', 'capuche']",连帽
"['en', 'coton']",棉质
"['Robe', 'sweat']",连衣裙
[],星星
['étoiles'],卫衣
"['en', 'coton', 'imprimé']",印花
['Sweat-shirt'],棉质
"['en', 'nylon']",尼龙
['Bob'],渔夫帽
[],印花
[],层叠
"['en', 'coton', 'froncé', 'imprimé']",棉质
['Robe'],连衣裙
['imprimé'],印花
['mélangé'],混纺
"['en', 'coton', 'biologique']",有机棉
['Débardeur'],连衣裙
[],系带
"['avec', 'nœud']",蝴蝶结
"['en', 'lin']",亚麻
['Chemise'],衬衫
[],长颈鹿
['girafes'],有机棉
"['en', 'coton', 'biologique', 'imprimé']",印花
['Pantalon'],运动裤
[],棉质
"['en', 'popeline', 'de', 'coton']",连体衣
['Body'],府绸
[],棉质
['interlock'],双面
"['en', 'coton']",布
"['', 'pantalon']",裤子
['Chemise'],衬衫
['imprimé'],印花
"['en', 'coton', 'biologique']",有机棉
"['&amp;', 'short']",裙
['T-shirt'],T恤
[],棉质
[],amp
"['de', 'coton']",薄纱
[],府绸
"['en', 'tulle', 'et', 'popeline']",连衣裙
[],&
['Robe'],;
"['à', 'rayures']",条纹
"['de', 'coton']",棉质
"['en', 'popeline']",府绸
['Chemise'],衬衫
['parfumé'],香氛
[],装饰
"['en', 'caoutchouc']",橡胶
['Sandales'],凉鞋
[],薄纱
"['en', 'tulle']",半身裙
[],棉质
[],平纹
"['en', 'jersey', 'de', 'coton', '', 'jupe']",针织
['T-shirt'],T恤
[],弹力
"['de', 'coton', 'stretch']",棉质
"['en', 'denim']",牛仔
['Veste'],夹克
['biologique'],有机棉
"['en', 'coton']",Safari
"['Chemise', 'de', 'nuit']",睡裙
[],棉质
[],双面
"['en', 'coton', 'interlock']",连体衣
['Body'],布
['recyclée'],再生
"['en', 'toile']",帆布
['Sneakers'],运动鞋
['technique'],科技
"['en', 'tissu']",织物
[],连体
"['Maillot', 'de', 'bain', '1', 'pièce']",泳衣
[],印花
[],棉质
[],平纹
"['en', 'jersey', 'de', 'coton', 'imprimé']",针织
['T-shirt'],T恤
[],Monogram
[],有机棉
"['midi', 'en', 'coton', 'biologique', 'à', 'monogramme']",迷笛
['Robe'],连衣裙
['imprimé'],印花
"['en', 'coton', 'biologique']",有机棉
['Veste'],夹克
[],蝴蝶结
[],棉质
[],平纹
"['de', 'coton', 'avec', 'nœud']",针织
"['en', 'jersey']",装饰
['T-shirt'],T恤
[],印花
[],棉质
[],平纹
"['en', 'jersey', 'de', 'coton', 'imprimé']",针织
['T-shirt'],T恤
"['à', 'rayures']",条纹
"['en', 'coton']",棉质
['Barboteuse'],连体衣
"['en', 'lin']",亚麻
"['', 'short']",短裤
"['avec', 'nœuds']",蝴蝶结
[],装饰
['Chemise'],衬衫
"['imprimé', 'poule']",印花
"['en', 'coton']",棉质
[],小鸡
['Barboteuse'],连体衣
['technique'],科技
"['en', 'tissu']",织物
[],连体
"['Maillot', 'de', 'bain', '1', 'pièce']",泳衣
[],棉质
"['en', 'coton']",尿布
"['', 'couche-culotte']",裆
['Body'],连体衣
[],印花
[],棉质
[],平纹
"['en', 'jersey', 'de', 'coton', 'imprimé']",针织
['T-shirt'],T恤
['imprimé'],印花
['biologique'],有机棉
"['en', 'coton']",周身
['Sweat-shirt'],卫衣
[],印花
"['en', 'coton', 'imprimé']",卫衣
['Sweat-shirt'],棉质
[],印花
"['en', 'coton', 'imprimé']",卫衣
['Sweat-shirt'],棉质
[],印花
"['biologique', 'imprimé']",有机棉
"['en', 'coton']",连衣裙
"['Robe', 'midi']",迷笛
[],印花
"['de', 'coton', 'imprimé', 'floral']",棉质
"['en', 'popeline']",府绸
['Robe'],连衣裙
[],印花
"['biologique', 'imprimé']",有机棉
"['en', 'coton']",连衣裙
"['Robe', 'midi']",迷笛
"['en', 'coton', 'mélangé']",混棉
[],长款
['longue'],半身裙
"['Haut', '', 'jupe']",上衣
['imprimé'],印花
['biologique'],有机棉
"['en', 'coton']",蛋糕
[],彩虹
['Barboteuse'],连体衣
[],棉质
[],双面
"['en', 'coton', 'interlock']",连体衣
['Body'],布
[],棉质
"['en', 'coton']",双
[],袜子
"['Lot', 'de', '', 'paires', 'de', 'chaussettes']",套装
['fraises'],草莓
['imprimé'],印花
"['en', 'coton', 'biologique']",有机棉
['Short'],短裤
['girafes'],长颈鹿
['imprimé'],印花
"['en', 'coton', 'biologique']",有机棉
['Short'],短裤
[],撞色
[],层叠
[],棉质
"['midi', 'en', 'popeline', 'de', 'coton', 'color-block']",连衣裙
['Robe'],迷笛
[],印花
[],棉质
[],平纹
"['en', 'jersey', 'de', 'coton', 'imprimé']",针织
['T-shirt'],T恤
[],印花
[],棉质
[],平纹
"['en', 'jersey', 'de', 'coton', 'imprimé']",针织
['T-shirt'],T恤
[],印花
"['biologique', 'imprimé', 'maison']",有机棉
"['en', 'coton']",房子
['Barboteuse'],连体衣
[],印花
[],棉质
[],平纹
"['en', 'jersey', 'de', 'coton', 'imprimé']",针织
['T-shirt'],T恤
[],棉质
[],平纹
"['en', 'jersey', 'de', 'coton']",针织
['Legging'],紧身裤
['imprimé'],印花
['biologique'],有机棉
"['en', 'coton']",连衣裙
['Robe'],草莓
[],不
['asymétrique'],对称
[],郁金香
[],印花
[],连体
"['Maillot', 'de', 'bain', 'une', 'pièce']",泳衣
['lion'],狮子
[],印花
"['en', 'coton', 'imprimé']",卫衣
['Sweat-shirt'],棉质
[],麂皮
['Sneakersendaim'],运动鞋
['imprimé'],印花
"['en', 'coton', 'biologique']",有机棉
"['Robe', '&amp;', 'couche-culotte']",连衣裙
"['en', 'lycra']",莱卡
[],连体
"['une', 'pièce']",泳衣
"['Maillot', 'de', 'bain']",褶饰
['papillons'],蝴蝶
['imprimé'],印花
"['en', 'coton', 'biologique']",有机棉
['T-shirt'],T恤
['coton'],棉质
"['en', 'crochet', 'de']",钩织
['Robe'],连衣裙
"['de', 'coton']",棉质
[],府绸
"['en', 'popeline']",连衣裙
['Robe'],层叠
['étoiles'],星星
[],印花
"['en', 'coton', 'imprimé']",棉质
['Short'],短裤
['girafes'],长颈鹿
['imprimé'],印花
"['en', 'coton', 'biologique']",有机棉
['T-shirt'],T恤
['girafes'],长颈鹿
['imprimé'],印花
"['en', 'coton', 'biologique']",有机棉
['Sweat-shirt'],卫衣
['imprimé'],印花
"['en', 'coton', 'biologique']",有机棉
[],周身
['Pantalon'],运动裤
['imprimé'],印花
"['en', 'popeline']",府绸
[],周身
['Chemise'],衬衫
"['de', 'coton']",棉质
"['en', 'popeline']",府绸
"['', 'short']",短裤
['Chemise'],衬衫
['fraises'],草莓
[],印花
"['biologique', 'imprimé']",有机棉
"['en', 'coton']",连衣裙
"['Robe', 'midi']",迷笛
[],印花
"['de', 'coton', 'imprimé']",棉质
"['en', 'popeline']",府绸
"['', 'short']",短裤
['Chemise'],衬衫
['imprimé'],印花
"['en', 'coton', 'biologique']",有机棉
[],房子
['Sweat-shirt'],卫衣
[],棉质
"['', 'short']",短裤
"['en', 'coton']",泡泡纱
['T-shirt'],T恤
['brodé'],刺绣
"['avec', 'chat']",小猫
[],棉质
[],平纹
"['en', 'jersey', 'de', 'coton']",针织
['Barboteuse'],连体衣
[],草莓
"['imprimé', 'fraise']",印花
"['en', 'coton', 'biologique']",有机棉
['Barboteuse'],连体衣
[],棉质
[],平纹
"['en', 'jersey', 'de', 'coton']",针织
['court'],短款
['T-shirt'],T恤
[],棉质
['Sweat-shirtencotonà'],卫衣
[],棉质
[],平纹
"['en', 'jersey', 'de', 'coton']",针织
['Débardeur'],上衣
"['en', 'coton']",棉质
['Legging'],紧身裤
"['chevaux', 'noirs']",黑马
['imprimé'],印花
"['en', 'coton', 'biologique']",有机棉
['Jupe'],短裤
[],印花
[],有机棉
"['en', 'coton', 'biologique', 'imprimé']",连体衣
['Body'],房子
[],草莓
"['imprimé', 'fraises']",印花
"['en', 'coton', 'biologique']",有机棉
['Barboteuse'],连体衣
['parfumé'],香味
[],橡胶
"['en', 'caoutchouc']",平底鞋
['Ballerines'],芭蕾
[],刺绣
['brodées'],针织
[],花朵
[],棉质
"['en', 'jersey', 'de', 'coton', 'à', 'fleurs']",平纹
['T-shirt'],T恤
['fraises'],草莓
['imprimé'],印花
"['en', 'coton', 'biologique']",有机棉
['T-shirt'],T恤
['chevaux'],马
['imprimé'],印花
"['en', 'coton', 'biologique']",有机棉
['T-shirt'],T恤
['imprimé'],印花
"['en', 'coton', 'biologique']",有机棉
['Pantalon'],运动裤
['imprimé'],印花
"['en', 'tissu', 'recyclé']",再生
[],连体
"['Maillot', 'de', 'bain', 'une', 'pièce']",泳衣
[],草莓
['recyclée'],再生
"['en', 'matière']",印花
[],连体
"['Maillot', 'de', 'bain', 'une', 'pièce']",泳衣
['imprimé'],印花
"['en', 'coton', 'biologique']",有机棉
['Sweat-shirt'],卫衣
[],印花
"['ample', 'en', 'coton', 'biologique', 'imprimé', 'fleurs']",阔腿裤
['Pantalon'],有机棉
[],印花
[],棉质
[],平纹
"['en', 'jersey', 'de', 'coton', 'imprimé']",针织
['T-shirt'],T恤
[],气球
"['imprimé', 'ballons']",印花
"['en', 'coton', 'biologique']",有机棉
['Barboteuse'],连体衣
"['en', 'coton', 'biologique']",有机棉
['Peluche'],毛绒玩具
['imprimé'],印花
"['en', 'coton', 'biologique']",有机棉
"['&amp;', 'short']",裙
['T-shirt'],T恤
['fraises'],草莓
['imprimé'],印花
"['en', 'coton', 'biologique']",有机棉
['Pantalon'],运动裤
[],棉质
['Sweat-shirtencotonà'],卫衣
['imprimé'],印花
"['en', 'coton', 'biologique']",有机棉
['Short'],短裤
[],印花
"['color-block', 'imprimé']",撞色
"['en', 'coton', 'biologique']",有机棉
['T-shirt'],T恤
[],动物
"['imprimé', 'safari']",印花
"['en', 'coton', 'biologique']",有机棉
['Barboteuse'],连体衣
['imprimé'],印花
"['en', 'coton', 'biologique']",有机棉
['T-shirt'],T恤
[],海洋
['mer'],仿皮
"['en', 'simili-cuir', 'imprimé']",印花
['Sandales'],凉鞋
[],棉质
['Sweat-shirtencoton'],卫衣
[],连帽
"['à', 'capuche']",卫衣
"['en', 'coton']",棉质
['Sweat-shirt'],Logo
[],Rounded
[],棉质
['Sweat-shirtencoton'],卫衣
[],拉链
[],开合
[],棉质
[],连帽
['Sweatzippéencotonàcapuche'],卫衣
['vulcanisé'],硫化
"['en', 'coton']",棉质
"['à', 'lacets']",系带
['Sneakers'],运动鞋
[],周身
['imprimé'],印花
"['en', 'coton']",棉质
['Robe'],连衣裙
[],再生
[],科技
"['en', 'tissu', 'technique', 'recyclé']",织物
[],连体
"['Maillot', '1', 'pièce']",泳衣
['vulcanisé'],硫化
"['en', 'coton']",棉质
"['à', 'lacets']",系带
['Sneakers'],运动鞋
[],弹力
[],科技
"['en', 'tissu', 'technique', 'stretch']",织物
"['2', 'pièces']",套装
['Maillot'],比基尼
[],边带
"['avec', 'bandes']",连帽
"['à', 'capuche']",拉链
"['zippé', 'en', 'coton']",棉质
['Sweat'],卫衣
"['de', 'coton']",棉质
"['en', 'maille']",针织
['Pull-over'],毛衣
[],Monster
[],印花
[],棉质
[],连帽
['Sweat-shirtencotonimpriméàcapuche'],卫衣
[],褶饰
"['en', 'coton']",棉质
[],monogram
['t-shirt'],T恤
['Robe'],裙
[],棉质
[],针织
[],连体衣
"['', 'bodys', 'en', 'jersey', 'de', 'coton']",套装
['de'],平纹
['Lot'],件
[],边带
"['avec', 'bandes']",平纹
[],棉质
"['en', 'jersey', 'de', 'coton']",针织
['T-shirt'],T恤
[],Rounded
[],棉质
[],平纹
[],针织
['T-shirtenjerseydecoton'],T恤
['vulcanisé'],硫化
"['en', 'coton']",棉质
['Sneakers'],运动鞋
['stretch'],弹力
"['en', 'coton']",棉质
['Legging'],紧身裤
[],边带
[],棉质
['Jean'],牛仔裤
[],棕榈树
[],印花
"['imprimé', 'Palm']",连体
"['en', 'lycra']",莱卡
"['Maillot', 'de', 'bain', 'une', 'pièce']",泳衣
['palmiers'],棕榈树
[],印花
[],棉质
[],平纹
"['en', 'jersey', 'de', 'coton', 'imprimé']",针织
['Débardeur'],背心
[],印花
[],棉质
[],平纹
"['de', 'coton', 'imprimé']",针织
"['en', 'jersey']",棕榈树
['T-shirt'],T恤
[],印花
[],棉质
[],平纹
"['de', 'coton', 'imprimé']",针织
"['en', 'jersey']",棕榈树
['T-shirt'],T恤
[],Rounded
[],棉质
[],平纹
[],针织
['T-shirtenjerseydecoton'],T恤
[],棕榈树
[],印花
[],棉质
[],平纹
"['en', 'jersey', 'de', 'coton', 'imprimé']",针织
['Débardeur'],背心
[],Rounded
[],棉质
[],连帽
['Sweat-shirtencotonàcapuche'],卫衣
"['courte', 'en', 'coton']",棉质
[],迷你
['Jupe'],短裙
[],混棉
"['de', 'coton', 'mélangé']",螺纹
"['en', 'maille']",针织
['Chaussettes'],袜子
['vulcanisé'],硫化
"['en', 'cuir']",皮革
"['à', 'lacets']",系带
['Baskets'],运动鞋
[],棉质
[],平纹
"['en', 'jersey', 'de', 'coton']",针织
['T-shirt'],T恤
['vulcanisé'],硫化
"['en', 'coton']",棉质
['Sneakers'],运动鞋
[],扎染
[],棉质
['Sneakersbassesencotontie&amp;dye'],运动鞋
[],棉质
[],平纹
[],针织
['T-shirtenjerseydecotonà'],T恤
['vulcanisé'],硫化
"['à', 'scratch', 'en', 'cuir']",皮革
[],粘扣
['Sneakers'],运动鞋
"['avec', 'bandes']",印花
"['courte', 'en', 'coton', 'mélangé', 'imprimé']",混棉
[],迷你
['Jupe'],短裙
[],Rounded
[],棉质
[],连帽
['Sweat-shirtencotonàcapuche'],卫衣
[],周身
['imprimé'],印花
"['en', 'coton']",棉质
['Foulard'],围巾
['ourson'],小熊
[],印花
[],棉质
[],平纹
"['en', 'jersey', 'de', 'coton', 'imprimé']",针织
['T-shirt'],T恤
['Ceinture'],腰带
[],印花
['imprimé'],棉质
"['de', 'coton', 'délavé']",洗水
"['en', 'denim']",牛仔
['Veste'],夹克
[],棉质
['Shortencotonà'],短裤
"['en', 'coton']",棉质
['mini'],迷你
['Jupe'],短裙
[],棉质
[],平纹
[],针织
['T-shirtenjerseydecoton'],T恤
['ourson'],小熊
[],印花
[],棉质
[],平纹
"['en', 'jersey', 'de', 'coton', 'imprimé']",针织
['T-shirt'],T恤
['vulcanisé'],硫化
"['en', 'coton']",棉质
"['à', 'lacets']",系带
['Sneakers'],运动鞋
[],棉质
[],平纹
[],针织
['T-shirtenjerseydecotonà'],T恤
['Maple'],枫叶
"['en', 'cuir']",皮革
"['à', 'lacets']",系带
['Sneakers'],运动鞋
['Maple'],枫叶
"['en', 'cuir']",皮革
"['à', 'lacets']",系带
['Sneakers'],运动鞋
['imprimé'],印花
"['en', 'cuir']",皮革
"['à', 'lacets']",系带
['Sneakers'],运动鞋
['imprimé'],印花
"['en', 'cuir']",皮革
"['à', 'lacets']",系带
['Sneakers'],运动鞋
['imprimé'],印花
[],皮革
"['en', 'cuir']",拖
['Claquettes'],凉
['imprimé'],印花
[],皮革
"['en', 'cuir']",拖
['Claquettes'],凉
[],泰迪熊
"['avec', 'patch', 'ourson']",贴片
"['en', 'cuir']",皮革
"['à', 'lacets']",系带
['Sneakers'],运动鞋
['imprimé'],印花
"['en', 'toile']",帆布
"['à', 'lacets']",系带
['Baskets'],运动鞋
['imprimé'],印花
"['en', 'toile']",帆布
"['à', 'lacets']",系带
['Baskets'],运动鞋
[],皮革
['Sneakersàbrideencuir'],运动鞋
[],皮革
['Sneakersàbrideencuir'],运动鞋
"['en', 'cuir']",皮革
"['à', 'enfiler']",脚蹬
[],一
['Baskets'],运动鞋
"['en', 'cuir']",皮革
"['à', 'lacets']",系带
[],彩虹
['Sneakers'],运动鞋
[],棉质
[],罗纹
"['nervurée', 'de', 'coton', 'col', 'roulé']",高领
"['en', 'maille']",针织
['Pull-over'],毛衣
['color-block'],撞色
"['en', 'cuir']",皮革
['Baskets'],运动鞋
[],连帽
"['en', 'coton', 'biologique', 'à', '', 'à', 'capuche']",卫衣
['Sweat'],有机棉
[],连帽
"['en', 'coton', 'biologique', 'à', '', 'à', 'capuche']",卫衣
['Sweat'],有机棉
"['en', 'coton']",棉质
['ajouré'],镂空
['T-shirt'],T恤
"['en', 'coton']",棉质
['ajouré'],镂空
['T-shirt'],T恤
['ourson'],泰迪熊
"['avec', 'patch']",贴片
"['en', 'cuir']",皮革
['Baskets'],运动鞋
[],Logo
"['à', 'capuche']",连帽
"['en', 'coton']",棉质
"['Robe', 'sweat']",连衣裙
[],Logo
"['à', 'capuche']",连帽
"['en', 'coton']",棉质
"['Robe', 'sweat']",连衣裙
[],镂空
[],罗纹
['côtelé'],棉质
[],针织
"['pull', 'ajourée', 'en', 'coton']",毛
['Robe'],衣裙
[],皮革
[],系带
['Basketsàlacetsencuir'],运动鞋
['Icon'],Logo
['imprimé'],印花
"['en', 'cuir']",皮革
"['à', 'lacets']",系带
['Baskets'],运动鞋
['Icon'],Logo
['imprimé'],印花
"['en', 'cuir']",皮革
"['à', 'lacets']",系带
['Baskets'],运动鞋
[],短款
[],棉质
[],连帽
"['court', 'sans', 'manches', 'en', 'coton', 'à', 'capuche']",马甲
['Sweat'],Logo
[],短款
[],棉质
[],连帽
"['court', 'sans', 'manches', 'en', 'coton', 'à', 'capuche']",马甲
['Sweat'],Logo
[],短款
[],棉质
[],连帽
"['court', 'sans', 'manches', 'en', 'coton', 'à', 'capuche']",马甲
['Sweat'],Logo
[],镂空
[],棉质
[],罗纹
"['ajouré', 'en', 'maille', 'côtelée', 'de', 'coton']",针织
['Pull-over'],毛衣
"['en', 'nylon']",尼龙
"['Doudoune', 'courte']",羽绒服
"['en', 'nylon']",尼龙
"['Doudoune', 'courte']",羽绒服
['color-block'],撞色
"['à', 'lacets']",系带
['Baskets'],运动鞋
[],印花
"['en', 'coton', 'imprimé']",卫衣
['Sweat-shirt'],棉质
[],印花
"['en', 'coton', 'imprimé']",卫衣
['Sweat-shirt'],棉质
"['en', 'coton', 'biologique']",有机棉
[],Logo
[],连帽
"['Robe', 'sweat']",连衣裙
"['en', 'coton', 'biologique']",有机棉
[],Logo
[],连帽
"['Robe', 'sweat']",连衣裙
[],层压
['laminé'],亮面
"['en', 'cuir']",皮革
"['à', 'lacets']",系带
['Sneakers'],运动鞋
[],泰迪熊
"['avec', 'patch', 'ourson']",贴片
"['à', 'enfiler']",脚蹬
[],logo
[],一
['Baskets'],运动鞋
"['en', 'cuir']",皮革
"['à', 'lacets']",系带
['Sneakers'],运动鞋
"['en', 'cuir']",皮革
"['à', 'lacets']",系带
['Sneakers'],运动鞋
[],装饰
"['de', 'coton', 'embelli']",棉质
['côtelée'],罗纹
"['en', 'maille']",针织
['Cardigan'],开衫
"['en', 'toile']",帆布
[],系带
"['sans', 'lacets']",脚蹬
[],一
['Sneakers'],运动鞋
"['en', 'cuir']",皮革
"['à', 'lacets']",系带
[],泰迪熊
['Sneakers'],运动鞋
['color-block'],撞色
"['en', 'cuir']",皮革
"['à', 'lacets']",系带
['Baskets'],运动鞋
"['à', 'lacets']",系带
['Sneakers'],运动鞋
['imprimé'],印花
"['en', 'toile']",帆布
"['à', 'lacets']",系带
['Baskets'],运动鞋
[],印花
['imprimé'],交叉
"['en', 'cuir']",皮革
['Claquettes'],凉鞋
"['et', 'mesh']",网眼
"['en', 'cuir']",皮革
[],系带
"['à', 'lacets']",amp
[],&
[],;
['Sneakers'],运动鞋
[],连帽
"['à', 'capuche']",卫衣
"['en', 'coton', 'embelli']",装饰
['Sweat-shirt'],棉质
[],皮革
['Basketsàbrideencuir'],运动鞋
[],双层
[],科技
['doublé'],平纹
['technique'],织物
"['en', 'jersey']",针织
['Sweat-shirt'],卫衣
[],双层
[],科技
['doublé'],平纹
['technique'],织物
"['en', 'jersey']",针织
['Sweat-shirt'],卫衣
[],印花
"['à', 'imprimé']",高帮
"['style', 'chaussettes']",袜子
['Sneakers'],运动鞋
"['à', '', 'perforé']",多孔
"['en', 'coton', 'biologique']",有机棉
['t-shirt'],T恤
['Robe'],裙
"['à', '', 'perforé']",多孔
"['en', 'coton', 'biologique']",有机棉
['t-shirt'],T恤
['Robe'],裙
"['et', 'coton']",棉
"['en', 'cuir']",皮革
[],系带
"['à', 'lacets']",amp
[],&
[],;
['Sneakers'],运动鞋
"['et', 'coton']",棉
"['en', 'cuir']",皮革
[],系带
"['à', 'lacets']",amp
[],&
[],;
['Sneakers'],运动鞋
[],贴袋
"['avec', 'poches', 'plaquées']",蓬松
"['en', 'nylon']",尼龙
['Blouson'],夹克
[],贴袋
"['avec', 'poches', 'plaquées']",蓬松
"['en', 'nylon']",尼龙
['Blouson'],夹克
[],皮革
[],系带
['Sneakersàlacetsencuirà'],运动鞋
['viscose'],粘胶纤维
"['ample', 'en', 'sergé', 'de']",阔腿裤
['Pantalon'],斜纹
['viscose'],粘胶纤维
"['ample', 'en', 'sergé', 'de']",阔腿裤
['Pantalon'],斜纹
"['imprimé', 'floral']",花朵
"['en', 'tulle']",薄纱
['Jupe'],半身裙
"['en', 'coton']",棉质
[],卫衣
"['Sweat-shirt', '', 'short']",短裤
"['en', 'coton']",棉质
[],卫衣
"['Sweat-shirt', '', 'short']",短裤
"['à', 'capuche']",连帽
['ultra-léger'],超轻
"['en', 'nylon']",尼龙
['Veste'],夹克
[],印花
[],麂皮
"['à', 'imprimé']",棉
"['en', 'daim', 'et', 'coton']",amp
[],&
[],;
['Sneakers'],运动鞋
['embelli'],装饰
[],棉质
[],平纹
"['en', 'jersey', 'de', 'coton']",针织
['T-shirt'],T恤
[],系带
[],麂皮
['Sneakersàlacetsendaim'],运动鞋
['imprimé'],印花
"['en', 'maille']",针织
[],袜子
['Sneakers'],运动鞋
"['à', 'bride']",周身
['Sandales'],凉鞋
[],皮革
['Sandalesàbrideencuir'],凉鞋
[],装饰
['embelli'],阔腿
"['ample', 'en', 'coton']",棉质
['Pantalon'],运动裤
"['en', 'cuir']",皮革
"['à', 'lacets']",系带
['Baskets'],运动鞋
"['avec', 'patch']",贴片
"['à', 'scratch', 'en', 'cuir']",皮革
[],粘扣
['Sneakers'],运动鞋
"['à', '', 'brodé']",刺绣
"['en', 'coton', 'biologique']",有机棉
['Robe'],连衣裙
"['à', '', 'brodé']",刺绣
"['en', 'coton', 'biologique']",有机棉
['Robe'],连衣裙
[],平纹
"['avec', 'volants']",针织
[],Logo
[],印花
"['en', 'jersey', 'imprimé']",褶饰
['Robe'],连衣裙
[],Sponge
[],有机棉
[],T恤
"[""Robet-shirtencotonbiologiquel'éponge""]",裙
[],周身
['imprimé'],印花
"['en', 'coton']",棉质
['Robe'],连衣裙
"['en', 'taffetas']",平纹
"['volants', 'en']",针织
"['en', 'jersey']",Logo
[],褶饰
['Robe'],连衣裙
"['tie', '&amp;', 'dye']",扎染
"['en', 'cuir']",皮革
"['à', 'lacets']",系带
['Baskets'],运动鞋
[],印花
"['à', 'bride', 'en', 'cuir', 'imprimé']",皮革
['Sandales'],凉鞋
[],包包
[],印花
"['en', 'coton', 'imprimé', 'sac']",棉质
"['Robe', 'sweat']",连衣裙
[],撞色
"['en', 'coton', 'color-block']",卫衣
['Sweat-shirt'],棉质
[],撞色
"['en', 'coton', 'color-block']",卫衣
['Sweat-shirt'],棉质
['imprimé'],印花
[],皮革
"['en', 'cuir']",拖
['Claquettes'],凉
['imprimé'],印花
"['en', 'caoutchouc']",橡胶
[],心形
[],凉
['Claquettes'],拖
['imprimé'],印花
"['en', 'caoutchouc']",橡胶
[],心形
[],凉
['Claquettes'],拖
[],层叠
[],塔夫绸
['Robe'],连衣裙
"['', 'avec', 'boucle']",搭扣
['imprimé'],印花
"['en', 'cuir']",皮革
['Sandales'],凉鞋
['ourson'],泰迪熊
"['à', 'scratch', 'avec', 'patch']",贴片
[],粘扣
[],皮革
['Sneakers'],运动鞋
"['à', '', 'brodé']",刺绣
[],棉质
"['court', 'en', 'coton']",短款
['T-shirt'],T恤
"['à', '', 'brodé']",刺绣
[],棉质
"['court', 'en', 'coton']",短款
['T-shirt'],T恤
['embellie'],装饰
['mélangée'],混纺
"['en', 'viscose']",粘胶纤维
['Robe'],连衣裙
['embellie'],装饰
['mélangée'],混纺
"['en', 'viscose']",粘胶纤维
['Robe'],连衣裙
"['à', '', 'embossé']",压纹
"['en', 'cuir']",皮革
"['à', 'lacets']",系带
['Sneakers'],运动鞋
"['à', '', 'embossé']",压纹
"['en', 'cuir']",皮革
"['à', 'lacets']",系带
['Sneakers'],运动鞋
[],印花
[],棉质
[],平纹
['imprimé'],针织
"['en', 'jersey', 'de', 'coton']",T恤
"['de', '', 't-shirts']",套装
['Lot'],件
[],印花
[],棉质
[],平纹
['imprimé'],针织
"['en', 'jersey', 'de', 'coton']",T恤
"['de', '', 't-shirts']",套装
['Lot'],件
[],扎染
"['en', 'caoutchouc', 'tie', '&amp;', 'dye']",橡胶
[],凉
['Claquettes'],拖
[],印花
[],拉链
[],连帽
"['imprimé', '', 'à', 'capuche']",卫衣
"['zippé', 'en', 'coton']",棉质
['Sweat'],开合
['ourson'],泰迪熊
"['avec', 'patch']",贴片
[],logo
"['en', 'cuir']",皮革
[],多
['Sandales'],凉鞋
['technique'],科技
[],皮革
"['en', 'cuir', 'et', 'tissu']",织物
[],印花
"['à', 'bride']",amp
[],&
[],;
['Sandales'],凉鞋
[],印花
[],棉质
[],平纹
['imprimé'],针织
"['en', 'jersey', 'de', 'coton']",T恤
"['de', '', 't-shirts']",套装
['Lot'],件
[],印花
[],棉质
[],平纹
['imprimé'],针织
"['en', 'jersey', 'de', 'coton']",T恤
"['de', '', 't-shirts']",套装
['Lot'],件
[],棉质
"['en', 'coton']",连衣裙
['Robe'],褶饰
[],橡胶
[],凉
['Claquettesencaoutchouc'],拖
[],橡胶
[],凉
['Claquettesencaoutchouc'],拖
[],泰迪熊
"['avec', 'patch', 'ourson']",贴片
"['à', 'bride', 'en', 'cuir']",皮革
['Sandales'],凉鞋
['Finger'],脚趾
"['avec', 'boucle']",搭扣
['imprimé'],印花
"['en', 'cuir']",皮革
['Sandales'],凉鞋
"['en', 'coton', 'biologique']",有机棉
['Sweat-shirt'],卫衣
['Cherry'],樱桃
"['de', 'coton']",棉质
"['en', 'maille']",针织
[],图案
['Cardigan'],开衫
['recyclé'],再生
"['en', 'nylon']",尼龙
[],派克
['Parka'],大衣
[],棉质
[],平纹
"['en', 'jersey', 'de', 'coton']",针织
['T-shirt'],T恤
"['à', 'capuche']",连帽
"['de', 'cachemire']",羊绒
"['en', 'maille']",针织
['Pull-over'],毛衣
[],渐变色
[],弹力
"['de', 'coton', 'stretch', 'couleur']",棉质
"['en', 'denim']",牛仔
['Veste'],夹克
"['à', '', 'Maple', 'Leaf']",枫叶
"['en', 'cuir']",皮革
['Baskets'],运动鞋
[],扎染
"['à', 'logo', 'brodé']",针织
[],棉质
"['en', 'coton']",平纹
[],印花
['Sweat-shirt'],T恤
['dye'],棉质
"['de', 'coton', 'imprimé', 'tie', '&amp;']",刺绣
"['en', 'jersey']",Logo
['T-shirt'],卫衣
[],扎染
[],棉质
[],平纹
['dye'],针织
"['en', 'jersey', 'de', 'coton', 'imprimé', 'tie', '&amp;']",印花
['T-shirt'],T恤
[],印花
[],真丝
"['en', 'soie', 'mélangée', 'imprimé', 'floral']",连衣裙
['Robe'],混纺
"['en', 'popeline']",府绸
"['avec', 'inserts']",内嵌
['imprimé'],印花
"['en', 'coton']",棉质
['Robe'],连衣裙
[],印花
[],棉质
[],连帽
"['en', 'coton', 'imprimé', 'à', 'capuche']",卫衣
['court'],短款
['Sweat-shirt'],Logo
[],皮革
['Sandalesàbrideencuir'],凉鞋
[],褶饰
[],周身
['imprimé'],印花
"['en', 'coton']",棉质
['Robe'],上衣
[],装饰
"['en', 'coton', 'à', '', 'embelli']",卫衣
['Sweat-shirt'],棉质
[],装饰
"['en', 'jersey', 'embelli']",针织
[],短款
['court'],平纹
['T-shirt'],T恤
[],装饰
"['en', 'jersey', 'embelli']",针织
[],短款
['court'],平纹
['T-shirt'],T恤
[],印花
"['en', 'coton', 'imprimé']",卫衣
['Sweat-shirt'],棉质
[],印花
"['en', 'coton', 'imprimé']",卫衣
['Sweat-shirt'],棉质
"['à', '', 'Maple']",枫叶
"['en', 'cuir']",皮革
"['à', 'lacets']",系带
['Sneakers'],运动鞋
[],周身
"['en', 'lycra']",莱卡
"['bain', 'deux', 'pièces']",比基尼
"['Maillot', 'de']",套装
[],周身
"['en', 'lycra']",莱卡
"['bain', 'deux', 'pièces']",比基尼
"['Maillot', 'de']",套装
[],蝴蝶结
[],莱
"['avec', 'nœud']",赛尔
"['de', 'lyocell']",纤维
[],装饰
"['en', 'coton']",棉质
['Short'],短裤
[],雏菊
[],印花
"['en', 'simili-cuir', 'imprimé', 'marguerites']",仿皮
['Sandales'],凉鞋
[],雏菊
[],印花
"['en', 'simili-cuir', 'imprimé', 'marguerites']",仿皮
['Sandales'],凉鞋
[],印花
[],科技
[],织物
"['en', 'tissu', 'technique', 'mélangé', 'imprimé']",卫衣
['Sweat'],混纺
"['en', 'coton']",棉质
['Sweat-shirt'],卫衣
[],层叠
['tulle'],薄纱
['et'],合
[],平纹
[],针织
[],amp
"['-en-', 'en', 'jersey']",连衣裙
[],&
['Robe'],;
[],穿连帽
[],尼龙
"['en', 'nylon', 'et', 'coton', 'à', 'capuche']",棉
['réversible'],两面
[],&
[],amp
[],;
['Veste'],夹克
[],格纹
[],印花
[],棉
[],amp
[],麻
"['en', 'lin', 'et', 'coton', 'à', 'carreaux']",连衣裙
[],&
['Robe'],;
"['', 'à', 'capuche']",连帽
[],印花
"['en', 'coton', 'imprimé']",卫衣
['Sweat-shirt'],棉质
['imprimé'],印花
[],棉质
"['en', 'coton']",连身
['Combinaison'],裤
['embelli'],装饰
"['ajouré', 'en', 'coton']",棉质
['Débardeur'],背心
['imprimé'],印花
"['en', 'coton']",棉质
[],镂空
"['Robe', 'ajourée']",连衣裙
['imprimé'],印花
"['en', 'caoutchouc']",橡胶
['Tongs'],人字拖
['imprimé'],印花
"['en', 'caoutchouc']",橡胶
['Tongs'],人字拖
"['dye', 'à', 'capuche']",连帽
[],Logo
"['tie', '&amp;']",卫衣
['court'],短款
['Sweat-shirt'],扎染
"['à', '', 'caoutchouté']",胶浆
['interlock'],双面
[],棉质
"['en', 'coton']",连衣裙
['Robe'],布
[],棉质
['brodé'],针织
"['de', 'coton']",平纹
"['en', 'jersey']",装饰
['T-shirt'],T恤
"['à', 'franges']",流苏
[],平纹
"['en', 'jersey']",针织
['t-shirt'],T恤
[],Logo
['Robe'],裙
"['à', 'franges']",流苏
[],平纹
"['en', 'jersey']",针织
['t-shirt'],T恤
[],Logo
['Robe'],裙
"['à', 'franges']",流苏
[],平纹
"['en', 'jersey']",针织
['t-shirt'],T恤
[],Logo
['Robe'],裙
"['à', '', 'embelli']",装饰
[],棉质
[],平纹
"['en', 'jersey', 'de', 'coton']",针织
['T-shirt'],T恤
"['à', '', 'embelli']",装饰
[],棉质
[],平纹
"['en', 'jersey', 'de', 'coton']",针织
['T-shirt'],T恤
['imprimé'],印花
"['en', 'caoutchouc']",橡胶
[],凉
['Claquettes'],拖
"['de', 'coton']",棉质
"['en', 'maille']",针织
[],小熊
[],印花
['Pull-over'],毛衣
['imprimé'],印花
"['en', 'coton']",棉质
"['Robe', 'sweat']",连衣裙
"['paper', 'bag']",纸袋
['taille'],腰头
"['en', 'coton', 'mélangé']",混棉
['Short'],短裤
[],印花
"['en', 'coton', 'imprimé', 'avec', 'bretelles']",棉质
['Body'],背带裤
[],莫代尔
[],混纺
['Robeenmodalmélangé'],连衣裙
[],平纹
"['avec', 't-shirt', 'en', 'jersey']",针织
[],花朵
"['en', 'tulle', 'florale']",薄纱
[],袖子
['T-shirt'],T恤
"['à', 'capuche']",连帽
[],撞色
"['en', 'coton', 'color-block']",卫衣
['Sweat-shirt'],棉质
['marguerite'],雏菊
['pailletée'],亮粉
"['à', 'monture']",镜框
"['Lunettes', 'de', 'soleil']",太阳镜
['marguerite'],雏菊
['pailletée'],亮粉
"['à', 'monture']",镜框
"['Lunettes', 'de', 'soleil']",太阳镜
[],泰迪熊
[],贴片
[],logo
"['avec', 'patch', 'ourson']",拖
"['en', 'caoutchouc']",橡胶
['Claquettes'],凉
[],泰迪熊
[],贴片
[],logo
"['avec', 'patch', 'ourson']",拖
"['en', 'caoutchouc']",橡胶
['Claquettes'],凉
[],印花
"['de', 'coton', 'imprimé']",棉质
[],平纹
[],针织
"['en', 'jersey']",连衣裙
"['Robe', 't-shirt']",T恤
[],印花
"['de', 'coton', 'imprimé']",棉质
[],平纹
[],针织
"['en', 'jersey']",连衣裙
"['Robe', 't-shirt']",T恤
[],印花
"['de', 'coton', 'imprimé']",棉质
[],平纹
[],针织
"['en', 'jersey']",连衣裙
"['Robe', 't-shirt']",T恤
[],印花
"['de', 'coton', 'imprimé']",棉质
[],平纹
[],针织
"['en', 'jersey']",连衣裙
"['Robe', 't-shirt']",T恤
[],印花
"['de', 'coton', 'imprimé']",棉质
[],平纹
[],针织
"['en', 'jersey']",连衣裙
"['Robe', 't-shirt']",T恤
"['à', 'motif', 'cœur']",心形
"['en', 'coton', 'biologique']",有机棉
[],周身
[],印花
['T-shirt'],T恤
['dye'],扎染
"['en', 'molleton', 'de', 'coton', 'tie', '&amp;']",棉质
['Short'],短裤
['côtelé'],罗纹
"['en', 'coton']",棉质
['Débardeur'],背心
['côtelé'],罗纹
"['en', 'coton']",棉质
['Débardeur'],背心
['imprimé'],印花
[],平纹
"['en', 'jersey']",针织
['t-shirt'],T恤
['Robe'],裙
[],印花
[],棉质
[],平纹
"['en', 'jersey', 'de', 'coton', 'imprimé']",针织
['Legging'],紧身裤
[],印花
[],棉质
[],平纹
"['en', 'jersey', 'de', 'coton', 'à', 'imprimé']",针织
['T-shirt'],T恤
[],印花
[],棉质
[],平纹
"['en', 'jersey', 'de', 'coton', 'à', 'imprimé']",针织
['T-shirt'],T恤
[],印花
[],棉质
[],平纹
"['en', 'jersey', 'de', 'coton', 'à', 'imprimé']",针织
['T-shirt'],T恤
['imprimé'],印花
[],真丝
"['en', 'soie', 'mélangée']",混纺
['Chemise'],衬衫
"['à', 'capuche']",连帽
[],Logo
[],扎染
[],短款
"['court', 'en', 'coton', 'tie', '&amp;', 'dye']",棉质
['Sweat'],卫衣
['technique'],科技
[],皮革
"['en', 'cuir', 'et', 'tissu']",织物
[],印花
"['à', 'bride']",amp
[],&
[],;
['Sandales'],凉鞋
[],胶浆
"['à', '', 'caoutchouté']",平纹
"['en', 'jersey']",针织
[],卫
"['Robe', 'sweat']",衣裙
[],刺绣
[],平纹
[],针织
"['en', 'jersey', 'à', '', 'brodé']",短裤
['Bermuda'],百慕大
[],周身
['imprimé'],印花
"['en', 'coton']",棉质
['Robe'],连衣裙
[],周身
['imprimé'],印花
"['en', 'coton']",棉质
['Robe'],连衣裙
[],条纹
"['à', 'rayures']",棉质
"['en', 'maille', 'de', 'coton']",针织
['Pull'],毛衣
['ourson'],泰迪熊
"['avec', 'patch']",贴片
"['en', 'cuir']",皮革
[],logo
['Sneakers'],运动鞋
[],印花
"['en', 'coton', 'imprimé']",棉质
[],、
"['', 'barboteuse']",连体衣
[],Tweety
[],帽子
"['Bonnet,', 'bavoir']",围嘴
['imprimé'],印花
"['en', 'caoutchouc']",橡胶
[],凉
['Claquettes'],拖
['color-block'],撞色
"['en', 'cuir']",皮革
['Baskets'],运动鞋
"['à', 'capuche']",连帽
['color-block'],撞色
[],混棉
"['en', 'coton', 'mélangé']",卫衣
['Sweat-shirt'],Logo
[],印花
[],科技
['imprimé'],卫衣
"['en', 'tissu', 'technique']",织物
['Sweat-shirt'],混纺
[],泰迪熊
[],贴片
[],logo
"['avec', 'patch', 'ourson']",拖
"['en', 'caoutchouc']",橡胶
['Claquettes'],凉
[],泰迪熊
[],贴片
[],logo
"['avec', 'patch', 'ourson']",拖
"['en', 'caoutchouc']",橡胶
['Claquettes'],凉
"['à', 'capuche']",连帽
[],Logo
[],扎染
[],短款
"['court', 'en', 'coton', 'tie', '&amp;', 'dye']",棉质
['Sweat'],卫衣
['imprimé'],印花
"['en', 'coton', 'biologique']",有机棉
[],周身
['Barboteuse'],连体衣
[],扎染
"['à', 'capuche']",连帽
['dye'],Logo
"['en', 'coton', 'tie', '&amp;']",卫衣
['Sweat-shirt'],棉质
[],撞色
"['en', 'coton', 'color-block']",棉质
['Jogging'],运动裤
[],棉质
[],平纹
['coton'],针织
[],Logo
[],连帽
"['en', 'jersey', 'de']",连衣裙
"['Robe', 'midi']",迷笛
[],棉质
[],平纹
['coton'],针织
[],Logo
[],连帽
"['en', 'jersey', 'de']",连衣裙
"['Robe', 'midi']",迷笛
[],装饰
"['en', 'coton', 'à', '', 'embelli']",卫衣
['Sweat-shirt'],棉质
"['à', 'imprimé', 'floral']",花朵
['mikado'],米卡
[],多
['Pantalon'],长裤
['ourson'],泰迪熊
"['avec', 'patch']",贴片
[],logo
['Sandales'],凉鞋
[],印花
"['en', 'coton', 'imprimé']",棉质
['court'],短款
['T-shirt'],T恤
[],蜂窝
"['avec', 'fronces']",纹
[],印花
"['en', 'coton', 'imprimé']",棉质
['Chemise'],衬衫
['ourson'],泰迪熊
"['avec', 'patch']",贴片
[],logo
"['en', 'cuir']",皮革
['Sandales'],凉鞋
[],涂层
['enduit'],防风
"['en', 'nylon']",尼龙
['Coupe-vent'],夹克
['imprimé'],印花
"['en', 'coton', 'biologique']",有机棉
['T-shirt'],T恤
[],周身
[],心形
[],印花
[],平纹
"['de', 'jogging', 'en', 'jersey', '', 'à', 'motif']",针织
['Pantalon'],运动裤
[],条纹
"['en', 'coton', 'à', 'rayures']",半身裙
['Jupe'],棉质
[],泰迪熊
[],细节
"['imprimée', 'détail', 'ourson']",印花
"['en', 'toile']",帆布
['Sandales'],凉鞋
"['de', 'jogging', 'en', 'coton', 'biologique']",有机棉
['Pantalon'],运动裤
"['en', 'coton', 'mélangé']",混棉
['Sweat-shirt'],卫衣
[],印花
['imprimé'],交叉
[],皮革
"['en', 'cuir']",拖
['Claquettes'],凉
"['avec', 'appliqués']",装饰
"['en', 'simili-cuir']",仿皮
['Sandales'],凉鞋
"['en', 'coton']",棉质
[],无袖
"['Chemise', 'sans', 'manches']",上衣
['imprimé'],印花
"['de', 'coton']",棉质
"['en', 'popeline']",府绸
['Robe'],连衣裙
['brodé'],刺绣
"['imitation', 'denim']",牛仔
[],效果
['Pantalon'],裤子
"['à', 'capuche']",连帽
[],尼龙
"['en', 'nylon']",防雨
['Imperméable'],大衣
[],印花
[],棉质
[],平纹
"['en', 'jersey', 'de', 'coton', 'à', 'imprimé']",针织
['T-shirt'],T恤
[],印花
[],棉质
[],平纹
"['en', 'jersey', 'de', 'coton', 'à', 'imprimé']",针织
['T-shirt'],T恤
['ourson'],泰迪熊
"['avec', 'patch']",贴片
[],logo
"['en', 'cuir']",皮革
['Sandales'],凉鞋
"['à', 'imprimé']",印花
[],连体
"['Maillot', 'de', 'bain', 'une', 'pièce']",泳衣
['imprimé'],印花
['biologique'],有机棉
"['court', 'en', 'coton']",短款
['T-shirt'],T恤
"['à', '', 'caoutchouté']",胶浆
[],棉质
[],短款
"['court', 'en', 'coton']",卫衣
['Sweat-shirt'],印花
"['à', '', 'caoutchouté']",胶浆
[],棉质
[],短款
"['court', 'en', 'coton']",卫衣
['Sweat-shirt'],印花
[],印花
['imprimé'],平纹
[],针织
"['et', 'jersey']",amp
[],薄纱
"['de', 'soirée', 'en', 'tulle']",派对
[],&
[],;
['Robe'],连衣裙
[],褶饰
[],周身
['imprimé'],印花
"['en', 'coton']",棉质
['Robe'],连衣裙
"['en', 'coton']",棉质
['Sweat-shirt'],卫衣
['imprimé'],印花
"['en', 'coton', 'mélangé']",混棉
['T-shirt'],T恤
['imprimé'],印花
"['en', 'coton', 'mélangé']",混棉
['T-shirt'],T恤
[],印花
[],棉质
[],平纹
['imprimé'],针织
"['en', 'jersey', 'de', 'coton']",T恤
"['de', '', 't-shirts']",套装
['Lot'],件
"['à', '', 'caoutchouté']",胶浆
"['en', 'coton']",棉质
"['Robe', 'sweat']",连衣裙
[],周身
['stretch'],弹力
"['en', 'coton']",棉质
['Robe'],连衣裙
"['à', 'volants']",樱桃
['cerises'],褶饰
[],印花
"['en', 'coton', 'imprimé']",棉质
['Chemise'],上衣
"['à', 'imprimé']",印花
['Pantalon'],运动裤
[],条纹
[],棉质
"['à', 'rayures']",平纹
"['en', 'jersey', 'de', 'coton']",针织
['Short'],短裤
"['en', 'coton']",棉质
['Short'],短裤
[],印花
"['en', 'coton', 'imprimé']",棉质
['court'],短款
['T-shirt'],T恤
[],印花
[],棉质
[],平纹
"['en', 'jersey', 'de', 'coton', 'imprimé']",针织
['T-shirt'],T恤
[],印花
[],棉质
[],平纹
"['en', 'jersey', 'de', 'coton', 'imprimé']",针织
['T-shirt'],T恤
[],格纹
"['à', 'carreaux']",印花
"['en', 'popeline']",府绸
['Robe'],连衣裙
"['à', 'imprimé']",印花
['Bikini'],比基尼
"['ample', 'en', 'denim', 'de', 'coton']",棉质
[],阔腿
['Jean'],牛仔裤
[],包包
[],印花
"['imprimé', 'sac']",连衣裙
[],莱
"['en', 'lyocell']",赛尔
['Robe'],纤维
"['avec', 'volants', 'en', 'popeline']",府绸
[],褶饰
"['en', 'coton', 'à', '']",棉质
['T-shirt'],T恤
"['avec', 'volants', 'en', 'popeline']",府绸
[],褶饰
"['en', 'coton', 'à', '']",棉质
['T-shirt'],T恤
[],Sponge
[],印花
[],有机棉
"[""T-shirtencotonbiologiqueimprimél'éponge""]",T恤
"['en', 'coton', 'biologique']",有机棉
['Barboteuse'],连体衣
['imprimé'],印花
"['en', 'coton']",棉质
['Robe'],连衣裙
[],刺绣
[],弹力
"['en', 'denim', 'de', 'coton', 'stretch', 'brodé']",棉质
['Jean'],牛仔裤
['imprimé'],印花
"['en', 'caoutchouc']",橡胶
[],凉
['Claquettes'],拖
['imprimé'],印花
"['en', 'coton']",棉质
['Débardeur'],背心
['soie'],真丝
['effet'],触感
[],薄纱
"['de', 'soirée', 'en', 'tulle']",派对
['Robe'],连衣裙
['soie'],真丝
['effet'],触感
[],薄纱
"['de', 'soirée', 'en', 'tulle']",派对
['Robe'],连衣裙
['ourson'],小熊
[],印花
[],仿皮
"['à', 'scratch', 'en', 'simili', 'cuir', 'imprimé']",粘扣
['Sneakers'],运动鞋
[],印花
[],棉质
[],平纹
"['en', 'jersey', 'de', 'coton', 'imprimé']",针织
['T-shirt'],T恤
[],印花
"['en', 'coton', 'imprimé']",棉质
['Chemise'],衬衫
[],印花
[],棉质
[],平纹
"['en', 'jersey', 'de', 'coton', 'imprimé']",针织
['Jupe'],半身裙
[],印花
[],棉质
[],平纹
"['en', 'jersey', 'de', 'coton', 'imprimé']",针织
['Jupe'],半身裙
[],印花
[],棉质
[],连帽
"['en', 'coton', 'imprimé', '', 'à', 'capuche']",卫衣
"['Sweat-shirt', 'court']",短款
['imprimé'],印花
"['en', 'coton', 'biologique']",有机棉
['Débardeur'],背心
"['à', 'capuche']",连帽
[],印花
"['en', 'coton', 'imprimé']",卫衣
['Sweat-shirt'],棉质
"['à', 'capuche']",连帽
[],印花
"['en', 'coton', 'imprimé']",卫衣
['Sweat-shirt'],棉质
[],Monogram
"['à', 'imprimé']",印花
['T-shirt'],T恤
['imprimé'],印花
"['en', 'coton', 'mélangé']",混棉
['T-shirt'],T恤
['imprimé'],印花
"['en', 'coton', 'mélangé']",混棉
['T-shirt'],T恤
[],樱桃
"['de', 'coton']",棉质
"['en', 'maille']",针织
[],图案
['Cardigan'],开衫
[],条纹
"['en', 'coton', 'à', 'rayures']",棉质
['Chemise'],衬衫
"['tie', '&amp;']",棉质
[],扎染
[],平纹
"['en', 'jersey', 'de', 'coton']",针织
['Short'],短裤
[],Logo
[],平纹
[],针织
[],连帽
['Sweat-shirtenjerseyàcapuche'],卫衣
"['à', 'paillettes']",亮粉
[],猫眼
"['Lunettes', 'de', 'soleil']",太阳镜
[],条纹
"['à', 'rayures', 'à', 'capuche']",连帽
"['en', 'coton']",棉质
['manches'],无袖
"['Sweat', 'sans']",卫衣
"['à', '', 'brodé']",刺绣
"['en', 'coton']",棉质
['Robe'],连衣裙
[],蝴蝶结
"['détail', 'nœud']",阔腿
"['ample', 'en', 'coton']",棉质
['Jupe-short'],裙裤
['imprimé'],印花
"['en', 'coton', 'biologique']",有机棉
['T-shirt'],T恤
[],亮粉
[],棉质
[],连帽
"['en', 'coton', 'pailleté', 'à', 'capuche']",卫衣
"['Sweat-shirt', 'court']",短款
[],亮粉
[],棉质
[],连帽
"['en', 'coton', 'pailleté', 'à', 'capuche']",卫衣
"['Sweat-shirt', 'court']",短款
[],周身
['imprimé'],印花
"['en', 'coton']",棉质
['Robe'],连衣裙
[],腰带
"['color-block', 'avec', 'ceinture']",撞色
[],府绸
"['en', 'popeline']",衬衫
[],系
['Robe-chemise'],裙
['-en-'],合
[],层叠
[],T恤
"['en', 'tulle', '', 't-shirt']",薄纱
['Haut'],上衣
[],连帽
"['en', 'coton', 'à', '', 'avec', 'capuche']",卫衣
['Sweat-shirt'],棉质
"['en', 'cuir']",皮革
"['à', 'lacets']",系带
['Baskets'],运动鞋
"['en', 'coton', 'mélangé']",混棉
"['Pantalon', 'de', 'survêtement']",运动裤
"['en', 'coton', 'mélangé']",混棉
['Robe'],连衣裙
[],Flowers
[],印花
[],棉质
['Barboteuseencotonimprimé'],连体衣
[],印花
[],棉质
[],平纹
"['en', 'jersey', 'de', 'coton', 'imprimé']",针织
['T-shirt'],T恤
[],印花
[],织物
[],混纺
['sweat'],连衣裙
['Robe'],科技
['mélangé'],混纺
"['en', 'modal']",莫代尔
['t-shirt'],T恤
['Robe'],裙
"['à', 'imprimé']",印花
['mélangé'],混纺
[],莫代尔
"['en', 'modal']",连身
['Combishort'],裤
[],棉质
[],平纹
"['de', 'coton']",针织
"['en', 'jersey']",周身
['T-shirt'],T恤
[],周身
['imprimé'],印花
"['en', 'coton']",棉质
['Robe'],连衣裙
['monogramme'],Monogram
"['en', 'cuir']",皮革
['Baskets'],运动鞋
[],扎染
"['tie', '&amp;', 'dye']",棉质
"['court', 'en', 'coton']",短款
['T-shirt'],T恤
['plissée'],打褶
['imprimée'],印花
[],迷你
['Mini-jupe'],短裙
['dye'],扎染
"['en', 'molleton', 'de', 'coton', 'tie', '&amp;']",棉质
['Short'],短裤
"['à', 'imprimé']",印花
['Bikini'],比基尼
[],纸袋
"['taille', 'paper', 'bag']",腰头
"['en', 'coton']",棉质
[],百慕大
['Bermuda'],短裤
[],小熊
[],印花
"['de', 'coton', 'imprimé', 'ourson']",棉质
"['en', 'denim']",牛仔
['Veste'],夹克
['imprimé'],印花
"['en', 'coton', 'mélangé']",混棉
['T-shirt'],T恤
"['en', 'coton', 'biologique']",有机棉
['Short'],短裤
"['en', 'coton', 'biologique']",有机棉
['Short'],短裤
[],层叠
[],格纹
"['à', 'carreaux']",印花
"['en', 'coton']",棉质
[],迷你
['Mini-jupe'],短裙
[],腰带
[],棉质
[],双面
"['en', 'coton', 'interlock', 'à', '', 'avec', 'ceinture']",连衣裙
[],系
['Robe'],布
[],周身
['imprimé'],印花
"['en', 'coton']",棉质
['Robe'],连衣裙
['color-block'],撞色
"['en', 'lycra']",莱卡
[],比基尼
['Bikini'],泳衣
[],印花
"['en', 'coton', 'imprimé']",棉质
['Chemise'],衬衫
[],周身
['imprimé'],印花
"['en', 'coton']",棉质
['Robe'],连衣裙
"['à', 'capuche']",连帽
['color-block'],撞色
[],混棉
"['en', 'coton', 'mélangé']",卫衣
['Sweat-shirt'],Logo
['glace'],冰淇淋
['imprimé'],印花
"['en', 'coton', 'biologique']",有机棉
['T-shirt'],T恤
"['torsadée', 'de', 'coton']",棉质
[],针织
"['en', 'maille']",针织
[],扭绳
['Pull-over'],毛衣
['&amp;'],logo
[],胶浆
[],棉质
[],平纹
"['en', 'jersey', 'de', 'coton', 'Sylvester']",针织
['T-shirt'],T恤
[],Sylvester
[],&
[],amp
[],;
[],Tweety
[],棉质
[],平纹
[],针织
['T-shirtenjerseydecotonàlogocaoutchouté'],T恤
"['en', 'coton']",有机棉
"['sans', 'manches']",T恤
[],Logo
['Robe'],裙
[],无袖
"['t-shirt', 'en', 'coton']",棉质
['Robe'],连衣裙
"['en', 'coton']",棉质
[],刺绣
['t-shirt'],T恤
['Robe'],裙
"['en', 'coton', 'biologique']",有机棉
[],褶饰
['T-shirt'],T恤
[],植绒
"['en', 'coton', 'floqué']",卫衣
['Sweat-shirt'],棉质
[],铆钉
['clouté'],拖
"['en', 'caoutchouc']",橡胶
['Claquettes'],凉
[],周身
['cerises'],樱桃
['imprimé'],印花
"['en', 'coton']",棉质
[],迷你
['Mini-jupe'],短裙
['roses'],玫瑰
"['à', 'imprimé']",印花
"['de', 'tulle']",薄纱
['Chapeau'],帽子
[],系带
[],皮革
['Basketsàlacetsencuir'],运动鞋
[],泰迪熊
[],贴片
['ourson'],平底鞋
"['avec', 'patch']",logo
"['en', 'cuir']",皮革
['Ballerines'],芭蕾
