"['', 'Jar']",套装
[],盖子
"['Lot', 'de', 'bocaux', '', 'Cap']",罐子
['Coussin'],抱枕
['Contenant'],容器
[],小号
['Petitcendrier'],烟灰缸
['Miroir'],镜子
[],“
[],HANDLES
[],”
[],哑光
[],黑色
"['VASENOIRMATAVECPOIGNÉES""""']",花瓶
[],印花
"['en', 'coton', 'imprimé']",抱枕
['Coussin'],棉质
['cendrier'],烟灰缸
[],Hand
[],Painted
[],Iron
['Plateauenferpeintàlamain'],托盘
[],铁制
['Porte-revues'],杂志架
[],多
"['à', 'plusieurs', 'compartiments']",隔层
"['en', 'laiton']",黄铜
['Porte-crayon'],笔筒
"['""""']",”
[],“
[],洒
['ARROSOIR'],水壶
[],灰褐色
[],米黄色
['Beige'],抱枕
['Taupe'],amp
[],小号
[],&
"['Petit', 'coussin']",;
['Porte-manteauxmural'],挂钩
['Puzzle'],拼图
[],大号
"['Grand', 'vase']",花瓶
"['pour', 'plantes']",植物
['ronde'],圆形
['Boîte'],容器
['Coussin'],抱枕
['Vase'],花瓶
[],天鹅绒
['Coussinenvelours'],抱枕
[],“
[],”
[],大号
[],装饰
"['GRANDEFIGURINE""""']",摆件
[],豹纹
"['à', 'motif', 'léopard']",镜框
"['Cadre', 'vertical']",纵向
[],大号
"['Grand', 'vase']",花瓶
"['""""']",”
[],“
[],洒
['ARROSOIR'],水壶
['Porte-manteaux'],挂钩
['Coussin'],抱枕
"['en', 'laiton']",黄铜
[],开信
['Coupe-papier'],刀
[],大号
"['Grand', 'vase']",花瓶
[],棕色
[],花瓶
"['de', '', 'vases', '', 'Brown']",套装
['Lot'],个
"['No.', '3']",No.3
"['en', 'céramique']",陶瓷
['Récipient'],容器
['Brosse'],发梳
['Vase'],花瓶
[],釉
[],涂层
['ÉMAILLÉE'],陶瓷
[],大号
"['GRAND', 'PANIER', 'EN', 'CÉRAMIQUE']",篮子
[],陶瓷
"['À', 'CRAYONS', 'EN', 'PORCELAINE']",笔筒
[],“
['POT'],”
[],杂物
['Plateau'],盘
['Vase'],花瓶
[],“
[],”
[],小号
[],装饰
"['PETITEFIGURINE""""']",摆件
[],厘米
[],圆形
[],陶瓷
['Assietterondeenporcelainecm'],盘
[],水晶
[],装饰
['CRISTAUX'],星星
"['DORÉ', 'AVEC']",细节
[],开信
['COUPE-PAPIER'],刀
[],“
[],”
[],小号
"['PETIT', 'VASE']",花瓶
['Porte-bougie'],烛台
[],印花
['Coussinimprimé'],抱枕
"['de', 'ping-pong']",乒乓球拍
"['Jeu', 'raquettes']",Plage
[],“
[],HANDLES
[],”
[],米黄色
"['VASEBEIGEMOUCHETÉAVECPOIGNÉES""""']",花瓶
['Coussin'],抱枕
[],“
[],”
['PORTE-BOUGIE'],烛台
"['EN', 'PERLES', 'DE', 'LAINE']",BEAD
[],“
[],”
['PANIER'],篮子
"['de', 'coton']",棉质
"['en', 'velours']",天鹅绒
['Coussin'],抱枕
['Bol'],碗
"['pour', 'plantes']",植物
['Boîte'],容器
"['""""']",花瓶
['BICOLORE'],双色
[],“
[],”
"['GRAND', 'VASE']",大号
['Coussin'],抱枕
[],“
[],”
[],盘子
[],个
"['LOTDEASSIETTES""""']",套装
"['pour', 'plantes']",植物
['ronde'],圆形
['Boîte'],容器
['Coussin'],抱枕
"['""""']",”
[],“
['COUSSIN'],抱枕
"['en', 'porcelaine']",陶瓷
['Pot'],花瓶
['BICOLORE'],两色
['VASE'],花瓶
[],Hand
[],Painted
[],Iron
['Plateauenferpeintàlamain'],托盘
[],真丝
"['en', 'sergé', 'de', 'soie']",抱枕
['Coussin'],斜纹
[],铁制
['Porte-revues'],杂志架
