[],""""
[],PANTON
[],""""
['Chaise'],椅子
"['Chaise', 'longue']",休闲椅
['Table'],桌子
['Transat'],躺椅
"['Chaise', 'longue']",休闲椅
['Transat'],躺椅
[],""""
[],""""
"['Petite', 'table']",小桌
['Étagère'],置物架
"['Chaise', 'longue']",休闲椅
[],大理石
['TABLEENMARBRE'],桌子
['Tabouret'],凳子
['marbre'],大理石
"[""d'appoint"", 'effet']",效果
['Table'],边桌
"['à', 'finition', 'miroir']",镜面
['Table'],小桌
['Chaise'],椅子
[],Phrea
['PoufPhrae'],软垫
['Étagère'],置物架
['Meuble'],小柜子
[],爱心
"['""""']",提花
"['EN', 'JACQUARD']",蜜蜂
[],&
[],amp
[],;
['CHAISE'],椅子
