[],衍缝
"['en', 'soie', 'matelassée']",真丝
['Couvre-lit'],床罩
[],流苏
"['Coussin', 'à', 'franges']",抱枕
[],流苏
"['Coussin', 'à', 'franges']",抱枕
[],圆形
['ROND'],托盘
[],“
['PLATEAU'],”
[],“
[],”
[],贝壳
[],图案
"['PAPIERPEINT""""']",壁纸
"['À', 'CAPUCHE']",连帽
"['COTON', 'BIOLOGIQUE']",有机棉
"['PEIGNOIR', 'EN']",浴袍
[],“
[],”
[],香槟
[],杯
"['DE', '', 'FLÛTES', 'À', 'CHAMPAGNE', '""""']",套装
['LOT'],个
[],釉
[],涂层
"['EN', 'GRÈS', 'ÉMAILLÉ']",陶瓷
[],“
[],”
['CAFETIÈRE'],咖啡壶
"['""""']",”
['PEINT'],壁纸
['PAPIER'],“
"['EN', 'COTON', 'BIOLOGIQUE']",有机棉
[],连帽
"['PEIGNOIR', 'À', 'CAPUCHE']",浴袍
['SATIN'],棉缎
['EN'],珠饰
['LIT'],套装
"['LINGE', 'DE']",被罩
[],Cable
['Coussin'],抱枕
"['EN', 'VINYLE']",乙烯基
[],装饰
"['PAPIER', 'PEINT']",壁纸
[],珠饰
"['avec', 'perles']",被罩
"['en', 'satin', 'de', 'coton']",棉缎
"['Linge', 'de', 'lit']",套装
[],LVR
"['CHAT', 'EN']",CAT
[],特别版
[],“
[],”
[],羊毛
[],小
['TAPIS'],地毯
"['À', 'BIJOUX', '""EXCLUSIVE""']",独家
['BOÎTE'],首饰盒
[],Multi
['Coussin'],抱枕
[],甜品
"['""""']",盘
"['DE', '', 'ASSIETTES', 'À', 'DESSERT']",套装
[],“
[],”
['LOT'],个
['Coussin'],抱枕
[],中
[],号
['BOÎTEMOYENNE'],盒子
"['en', 'jacquard']",提花
['Couverture'],毯子
[],大号
"['GRANDE', 'BOÎTE']",盒子
[],褪色
[],效果
"['EN', 'VELOURS', 'DÉLAVÉ']",天鹅绒
[],圆
['ROND'],矮凳
"['PETIT', 'POUF']",小号
"['EN', 'ACIER']",钢制
[],方形
"['BOÎTE', 'CARRÉE']",收纳盒
['SATIN'],棉缎
['EN'],珠饰
['LIT'],套装
"['LINGE', 'DE']",被罩
"['""""']",套装
"['DE', '', 'VERRES', 'À', 'EAU']",水杯
[],“
[],”
['LOT'],个
['SATIN'],棉缎
['EN'],珠饰
['LIT'],套装
"['LINGE', 'DE']",被罩
[],大号
"['EN', 'COTON']",棉质
"['DE', 'PLAGE']",沙滩
"['GRANDE', 'SERVIETTE']",巾
"['EN', 'PERCALE', 'DE', 'COTON']",密织
[],棉布
[],被罩
"['DE', 'LIT']",套装
['PARURE'],高级
[],大号
"['EN', 'COTON']",棉质
"['DE', 'PLAGE']",沙滩
"['GRANDE', 'SERVIETTE']",巾
['DÉGRADÉ'],渐变色
"['PAPIER', 'PEINT']",墙纸
['MAIN'],手工
['FAITE'],制作
[],中号
"['MOYENNEMENT', 'CREUSE']",深
[],底盘
['ASSIETTE'],子
"['EN', 'CÉRAMIQUE', 'FAIT', 'MAIN']",制作
[],手工
[],陶瓷
['BOL'],碗
[],手工
[],制作
"['FAITE', 'MAIN']",托盘
['PLATE'],平底
"['GRANDE', 'ASSIETTE']",大号
[],小号
['PETITEBOÎTE'],盒子
[],中
[],号
['BOÎTEMOYENNE'],盒子
"['DE', 'NOËL']",圣诞
[],小号
[],装饰
"['PETITE', 'BOULE']",球
[],图案
['PAPIERPEINT'],壁纸
[],大号
['GRANDEBOÎTE'],盒子
[],中
[],号
['BOÎTEMOYENNE'],盒子
[],中
['MOYENNE'],号
['BOÎTE'],盒子
['PAPIERPEINT'],墙纸
[],小号
['PETITEBOÎTE'],盒子
[],小号
"['PETITE', 'BOÎTE']",盒子
"['DE', 'NOËL']",圣诞
[],小号
[],装饰
"['PETITE', 'BOULE']",球
"['DE', 'NOËL']",圣诞
[],小号
[],装饰
"['PETITE', 'BOULE']",球
"['DE', 'NOËL']",圣诞
[],”
[],小号
[],装饰
"['PETITE', 'BOULE']",球
[],中
['MOYENNE'],号
[],圣诞
"['DE', 'NOËL']",装饰
['BOULE'],球
[],中
['MOYENNE'],号
[],圣诞
"['DE', 'NOËL']",装饰
['BOULE'],球
[],中
['MOYENNE'],号
[],圣诞
"['DE', 'NOËL']",装饰
['BOULE'],球
[],中
['MOYENNE'],号
[],圣诞
"['DE', 'NOËL']",装饰
['BOULE'],球
[],图案
['PAPIERPEINT'],壁纸
['PAPIERPEINT'],墙纸
['PAPIERPEINT'],墙纸
['PAPIERPEINT'],墙纸
"['PAPIER', 'PEINT']",墙纸
"['en', 'coton']",棉质
['Serviette'],毛巾
['Bouteille'],水瓶
['Bouteille'],瓶子
['Bouteille'],水瓶
['Bouteille'],水瓶
['transparent'],透明
"[""d'eau"", 'en', 'verre', 'détail', 'quartz']",石英玻璃
['Bouteille'],水瓶
[],烟熏
[],色
"['détail', 'quartz', 'fumé']",石英石
"[""d'eau"", 'en', 'verre']",玻璃
['Bouteille'],水瓶
"['détail', 'améthyste']",紫水晶
"[""d'eau"", 'en', 'verre']",玻璃
['Bouteille'],水瓶
"['détail', 'obsidienne', 'noir']",黑曜石
"[""d'eau"", 'en', 'verre']",玻璃
['Bouteille'],水瓶
"['détail', 'améthyste']",紫水晶
"['en', 'verre']",玻璃
['Paille'],吸管
[],替换
"['de', 'rechange']",套装
['Couvercle'],盖子
"['avec', 'détail', 'en', 'quartz', 'transparent']",透明
"['en', 'verre']",石英玻璃
['Paille'],吸管
[],烟熏
[],色
"['en', 'verre', 'détail', 'quartz', 'fumé']",石英玻璃
['Paille'],吸管
"['de', 'rechange']",替换
['Couvercle'],盖
"['en', 'verre', 'de', 'rechange']",替换
['Bouteille'],玻璃瓶
[],玫瑰色
"['en', 'verre', 'détail', 'quartz', 'rose']",石英玻璃
['Paille'],吸管
"['PLATES', '""""']",套装
"['DE', '', 'ASSIETTES']",餐盘
[],“
[],”
['LOT'],个
"['""""']",”
['PEINT'],壁纸
['PAPIER'],“
[],钢制
"['RONDE', 'EN', 'ACIER']",圆形
['BOÎTE'],收纳盒
[],小号
['PETITEBOÎTE'],盒子
[],小号
['PETITEBOÎTE'],盒子
['DÉGRADÉ'],渐变色
"['PAPIER', 'PEINT']",墙纸
['COTON'],纯棉
"['EN', 'PAPIER', 'DE']",纸
['CARNET'],笔记本
