[],件
[],咖啡杯
['Lotdepiècesàespresso'],套装
"['en', 'porcelaine']",陶瓷
[],“
[],”
['Assiette'],餐盘
[],玻璃杯
"['Lot', 'de', '', 'verres', 'à', 'eau']",件套
[],毫升
[],加盖
[],陶瓷
['Tasse&amp;couvercleml'],马克杯
['Théière'],茶壶
['et'],陶瓷
[],绿色
['verte'],蓝色
"['en', 'porcelaine']",amp
[],&
[],;
['Assiette'],盘子
"['en', 'roseau']",苇编套
"['avec', 'supports']",套装
[],水杯
"['de', '', 'verres', 'à', 'eau']",amp
[],&
[],;
['Lot'],个
['Verredecognac'],酒杯
[],毫升
[],“
[],BOTTLE
[],”
"['BOUTEILLE""""ML']",保温瓶
['Assiette'],盘子
[],“
[],HYBRID
[],”
[],玻璃杯
['Lotdeverreshybrides'],件套
['Théière'],茶壶
"['Bouteille', 'thermique']",保温瓶
[],杯
['Sous-verres'],垫
"['à', 'thé', 'et', 'soucoupes']",茶杯
[],托盘
"['', 'tasses']",套装
['de'],amp
[],&
[],;
['Lot'],个
[],主
['Assiettedeprésentation'],餐盘
[],Snake
[],餐巾
"['en', 'serpent']",架
"['de', '', 'ronds', 'de', 'serviettes']",套装
['Lot'],个
[],陶瓷
[],主
['Assiettedeprésentation'],餐盘
[],“
[],”
['Cafetièreitalienne'],咖啡壶
[],Amplified
[],旅行
['Mugdevoyage'],马克杯
['Assiette'],盘子
['sel'],amp
['et'],器
[],盐
"['à', 'poivre']",胡椒
[],&
[],;
['Moulins'],研磨
[],烈
[],酒杯
"['de', '', 'verres', 'à', 'shot']",套装
['Lot'],个
[],Rum
[],醒
['Carafeàrhum'],酒器
[],陶瓷
[],主
['Assiettedeprésentationenporcelaine'],餐盘
"['', 'FLÛTES']",套装
['DE'],香槟
[],杯
['LOT'],个
[],透明
"['CARAGE', 'TRANSPARENTE']",玻璃罐
[],Amplified
[],旅行
['Mugdevoyage'],马克杯
[],螺旋形
['Tire-bouchon'],开瓶器
"['', 'ml']",毫升
[],加盖
"['Tasse', 'avec', 'couvercle']",马克杯
[],鸡尾酒
[],杯
"['de', '', 'verres', 'à', 'cocktail']",套装
['Lot'],个
[],餐巾
"['de', '', 'ronds', 'de', 'serviettes']",套装
[],架
['Lot'],个
['Carafe'],水罐
['sel'],amp
['et'],器
[],盐
"['à', 'poivre']",胡椒
[],&
[],;
['Moulins'],研磨
['Assiette'],盘子
"['Assiette', 'à', 'fruits']",水果盘
"['en', 'marbre']",大理石
"['Pilon', '&amp;', 'mortier']",研钵
[],Gold
['Tassedorée'],马克杯
[],餐具
"['""DRY""']",件
"['SERVICE', '-PIÈCES']",套装
[],-
[],杯
[],摩卡咖啡
['Cafetièretasses'],壶
"['et', 'violette']",紫色
[],蓝色
['bleue'],陶瓷
"['en', 'porcelaine']",amp
[],&
[],;
['Assiette'],盘子
['sel'],amp
['et'],器
[],盐
"['à', 'poivre']",胡椒
[],&
[],;
['Moulins'],研磨
[],毫升
[],陶瓷
['Tasseenporcelaineml'],马克杯
"['de', 'voyage']",旅行
['Mug'],马克杯
[],咖啡杯
"['Tasse', 'à', 'café']",托盘
[],“
[],”
[],骨瓷
"['TASSEENPORCELAINEFINE""""']",马克杯
[],大理石
"['en', 'marbre']",杂物
['Plateau'],盘
[],毫升
[],“
[],BOTTLE
[],”
"['BOUTEILLE""""ML']",保温瓶
[],杯子
['Lot'],套装
['Théière'],茶壶
[],蓝绿色
['TURQUOISE'],套装
[],边缘
"['DE', '', 'VERRES', 'À', 'BORDURE']",水杯
[],“
[],”
['LOT'],个
"['en', 'acier', 'inoxydable']",不锈钢
['Crafe'],水罐
"['en', 'acier', 'inoxydable']",不锈钢
['Plateau'],托盘
[],玻璃杯
[],5
[],个
['Lotde6verres'],套装
"['à', 'fromage']",奶酪
[],研磨
['Râpe'],器
"['de', 'voyage']",旅行
['Mug'],马克杯
[],“
[],”
"['TIRE-BOUCHON""""']",开瓶器
[],碗
[],个
['Lot'],套装
[],玻璃杯
['TEINTÉS'],套装
"['DE', '', 'VERRES']",TINT
[],“
[],”
['LOT'],个
['Centrifugeuse'],榨汁机
[],醒
['Carafe'],酒器
['Cafetière'],咖啡壶
[],Tint
"['de', '', 'verres', 'teintés']",玻璃杯
[],个
['Lot'],套装
[],“
[],”
[],大
['CARAFE'],水罐
[],Indian
[],NO.2
[],钢质
['PichetenacierindienNO.2'],水壶
[],Balloon
[],玻璃杯
[],个
['Lotdeverresballons'],套装
[],玻璃杯
[],个
['Lotdeverres'],套装
[],“
[],WHITE
[],”
"['ASSIETTEÀDÎNERBLANCHE""""']",餐盘
[],玻璃杯
[],个
['Jeudeverres'],套装
[],高脚
"['""""']",套装
"['DE', '', 'VERRES', 'À', 'EAU']",水杯
[],“
[],”
['LOT'],个
"['de', 'voyage']",旅行
['Mug'],马克杯
"['À', 'VIN']",酒桶
[],“
[],”
['REFROIDISSEUR'],冰
[],六角形
"['du', 'Guatemala']",绿色
"['en', 'marbre', 'vert']",大理石
['hexagonale'],Guatemalan
['Assiette'],盘
[],六角
['hexagonaux'],托盘
"['de', '', 'dessous', 'de', 'verre']",套装
[],小
['Lot'],个
"['en', 'laiton']",黄铜
['Carafe'],水罐
[],厘升
[],“
[],BLACK
[],”
[],浓缩
"['CAFETIÈREEXPRESSONOIRE""""CL']",咖啡壶
[],小号
['noir'],黑色
"['en', 'marbre']",大理石
[],研钵
"['&amp;', 'pilon']",研杵
"['Petit', 'mortier']",及
[],浓缩
[],咖啡杯
['Tasseàcafésoucoupe'],托盘
"['de', 'voyage']",旅行
['Mug'],马克杯
[],件
[],餐具
['Lotdecouverts'],套装
"[""D'ACCESSOIRES"", 'À', 'COCKTAIL']",鸡尾酒
[],工具
['KIT'],套装
"['de', 'Carrare']",卡拉拉
"['en', 'marbre']",大理石
[],六角形
"['Assiette', 'hexagonale']",板
['Cruche'],水罐
[],毫升
[],“
[],CLIMA
[],BOTTLE
[],”
"['BOUTEILLE""""ML']",保温瓶
[],皮革
"['avec', 'protection', 'en', 'cuir']",amp
[],&
[],;
[],藤条
[],套
['Carafe'],水罐
['DÉCOUPER'],小号
['À'],圆形
['RONDE'],案板
[],“
"['PETITE', 'PLANCHE']",”
[],美杜莎
"['À', 'EMPORTER', '""MEDUSA']",旅行
[],铆钉
['MUG'],马克杯
[],毫升
[],“
[],BOTTLE
[],”
"['BOUTEILLE""""ML']",保温瓶
[],六角
['hexagonaux'],托盘
"['de', '', 'dessous', 'de', 'verre']",套装
[],小
['Lot'],个
[],“
[],”
[],迷你
"['MIXEUR""""']",搅拌机
[],中
[],形状
[],大理石
"['en', 'marbre']",杂物
['moyen'],号
[],菠萝
"['Plateau', 'ananas']",盘
[],毫升
[],“
[],BOTTLE
[],”
"['BOUTEILLE""""ML']",保温瓶
[],“
[],WHITE
[],”
"['TASSEBLANCHE""""']",马克杯
[],号
[],长方形
['RECTANGULAIRE'],浅盘
[],“
[],”
['PLATEAU'],中
[],毫升
['Bouteilleml'],水瓶
[],奶酪
"['""""']",刀
"['DE', '', 'COUTEAUX', 'À', 'FROMAGE']",套装
[],“
[],”
['LOT'],把
['DE'],玻璃杯
[],“
[],”
[],个
['LOT'],套装
"['en', 'marbre']",大理石
"['Plaque', 'longue']",长板
[],毫升
[],“
[],BOTTLE
[],”
"['BOUTEILLE""""ML']",保温瓶
[],“
"['""""']",”
[],粉色
[],边缘
[],红色
['ROSE'],套装
"['DE', '', 'VERRES', 'ROUGES', 'À', 'BORDURE']",水杯
['LOT'],个
[],手绘
"['snack', 'en', 'porcelaine', 'peinte', 'à', 'la']",套装
['Kit'],陶瓷餐具
[],中
"['DE', '', 'VERRES', 'MOYENS']",玻璃杯
[],“
[],”
[],号
[],个
['LOT'],套装
[],“
[],”
"['CENTRIFUGEUSE""""']",榨汁机
[],皮革
"['en', 'cristal,', 'cuir', 'et', 'rotin']",amp
[],&
[],;
[],藤条
[],套
[],水晶
['Carafe'],水罐
[],红酒杯
"['de', '', 'verres', 'à', 'vin']",套装
['Lot'],个
[],玻璃杯
[],5
[],个
['Lotde6verres'],套装
[],毫升
[],“
[],BOTTLE
[],”
"['BOUTEILLE""""ML']",保温瓶
['DE'],玻璃杯
[],“
[],”
[],个
['LOT'],套装
[],白
[],酒杯
"['DE', '', 'VERRES', 'À', 'VIN']",套装
[],“
[],”
['LOT'],个
[],长方形
"['rectangulaire', 'tressée']",编织
['Corbeille'],篮子
[],汤碟
['creuse'],套装
['Assiette'],餐盘
[],“
[],DECAL
[],”
[],圆形
[],大
['Plateaurondàmotif'],浅盘
['Tasse'],马克杯
[],香槟
['champagne'],杯
"['de', '', 'coupes', 'de']",套装
['Lot'],个
"['en', 'porcelaine']",陶瓷
['Tasse'],马克杯
[],杯子
"['de', '', 'grands', 'verres']",套装
['Lot'],个
"['Corbeille', 'à', 'fruits']",水果篮
[],沙拉
[],餐具
"['de', '', 'couverts', 'à', 'salade']",套装
['Lot'],个
['Assiette'],盘子
[],“
[],”
['Verre'],玻璃杯
['doré'],金色
"['à', 'thé']",茶杯
['Coffret'],套装
['Pichet'],水壶
[],“
[],”
[],骨瓷
['Assietteenporcelainedechine'],水果盘
[],件
[],咖啡杯
['Lotdepiècesàespresso'],套装
[],葡萄
[],酒杯
"['de', '', 'verres', 'à', 'vin']",套装
['Lot'],个
[],甜品
"['à', 'dessert']",套装
"['de', '', 'assiettes']",盘
['Lot'],个
"['Corbeille', 'à', 'fruits']",水果篮
[],大号
"['Grand', 'bol']",碗
"['Mousseur', 'à', 'lait']",打奶器
"['à', 'dessert']",甜品
['Asiette'],盘
['de'],玻璃杯
[],个
['Lot'],套装
[],红酒杯
[],个
['Lotdeverresàvin'],套装
[],中
"['à', 'pieds', 'moyens']",号
[],蛋糕
"['Support', 'à', 'gâteau']",架
[],彩色
[],水杯
"['de', '', 'verres', 'multicolores']",套装
['Lot'],个
[],盘子
[],个
['Lotdeassiettes'],套装
['mouchetée'],斑点
"['Assiette', 'de', 'service']",餐盘
[],水杯
[],个
['Lotdeverresàeau'],套装
"['', 'bols']",碗
['de'],陶瓷
[],个
['Lot'],套装
[],盘子
"['de', '', 'assiettes']",套装
['Lot'],个
[],杯
[],垫
"['de', '', 'dessous', 'de', 'verre']",套装
['Lot'],个
[],啤酒杯
"['de', '', 'verres', 'à', 'bières']",套装
['Lot'],个
[],浓缩
[],咖啡杯
['Tasseàcafésoucoupe'],碟子
[],蛋糕
"['à', 'gâteaux']",架
"['Petit', 'présentoir']",小号
[],醋
"['et', 'vinaigre']",套装
[],油
[],&
[],amp
[],;
"['Ensemble', 'huile']",容器
[],盘子
"['de', '', 'assiettes']",套装
['Lot'],个
[],200cl
['Bouilloire200cl'],水壶
"['Low', 'Chess']",低
[],奶酪
['Pot'],罐
[],甜品
"['à', 'dessert']",套装
"['de', '', 'assiettes']",盘
['Lot'],个
['classique'],Classical
['Carafe'],水壶
"['à', 'expresso']",咖啡杯
[],托盘
"['', 'tasses']",套装
['de'],amp
[],&
[],;
['Lot'],个
['Pichet'],水壶
[],Placidia
['Ouvre-bouteillePlacida'],开瓶器
[],咖啡杯
"['à', 'café']",托盘
"['de', '', 'tasses']",套装
['Lot'],个
[],红酒杯
"['de', '', 'verres', 'à', 'vin']",套装
['Lot'],个
[],杯子
"['de', '', 'grands', 'verres']",套装
['Lot'],个
[],盘子
[],个
['Lotdeassiettes'],套装
[],沙拉
['Saladier'],碗
[],Tint
"['de', '', 'verres', 'teintés']",玻璃杯
[],个
['Lot'],套装
[],陶瓷
[],面包
['Assietteàpainenporcelaine'],盘
['Pichet'],水罐
[],“
[],WHITE
[],”
[],甜品
"['ASSIETTEÀDESSERTBLANCHE""""']",盘
['ROUGE'],红酒杯
"['DE', '', 'VERRES', 'À', 'VIN']",套装
[],“
[],”
['LOT'],个
[],釉
[],涂层
"['EN', 'GRÈS', 'ÉMAILLÉ']",陶瓷
[],“
[],”
['TASSE'],马克杯
[],餐具
"['', 'PIÈCES']",套装
['SERVICE'],个
[],毫升
[],“
[],BOTTLE
[],”
"['BOUTEILLE""""ML']",水瓶
[],汤盘
"['PLATE', 'ET', 'CREUSE']",餐盘
"['', 'ASSIETTES']",套装
['DE'],amp
[],&
[],;
['LOT'],个
[],Goodie
['Pot'],容器
['DE'],玻璃杯
[],“
[],”
[],个
['LOT'],套装
[],醋
"['et', 'vinaigre']",套装
[],油
[],&
[],amp
[],;
"['Ensemble', 'huile']",容器
['et'],陶瓷
[],绿色
['verte'],蓝色
"['en', 'porcelaine']",amp
[],&
[],;
['Assiette'],盘子
[],厘米
['Assiettecm'],盘垫
[],咖啡杯
"['à', 'café']",托盘
"['de', '', 'tasses']",套装
['Lot'],个
[],“
[],”
['Tasse'],马克杯
"['en', 'porcelaine']",陶瓷
"['à', 'crème']",奶油
['Pot'],壶
[],陶瓷
['Assiettecreuseenporcelaine'],汤碗
[],茶杯
"['à', 'thé', '', 'soucoupes']",托盘
"['de', '', 'tasses']",套装
['Lot'],个
['Assiettedeprésentation'],盘子
[],法式
[],压滤
['Cafetière'],壶
[],“
[],”
[],骨瓷
['AssietteenporcelainedeChine'],水果盘
[],香槟
['champagne'],杯
"['de', '', 'coupes', 'de']",套装
['Lot'],个
"['Clima', '', '', 'ml']",保温
[],毫升
['Bouteille'],水瓶
['Assiette'],盘子
[],厘升
[],“
[],BLACK
[],”
[],浓缩
"['CAFETIÈREEXPRESSONOIRE""""CL']",咖啡壶
[],水杯
"['de', '', 'verres', 'à', 'eau']",套装
['Lot'],个
['ASSIETTE'],盘子
[],咖啡杯
"['à', 'café']",托盘
"['de', '', 'tasses']",套装
['Lot'],个
"['""""']",套装
"['DE', '', 'RÉCIPIENTS']",容器
[],“
[],”
['LOT'],件
"['""""']",”
['LECTRIQUE'],电
[],“
['BOUILLOIRE'],茶壶
"['de', '', 'fourchettes']",套装
[],叉子
['Lot'],把
"['Bouilloire', 'électrique']",电水壶
['Vase'],玻璃瓶
['Assiette'],盘子
[],玻璃
[],酒杯
"['de', '', 'verres', 'à', 'liqueur']",套装
['Lot'],个
[],烈
[],酒杯
"['de', '', 'verres', 'à', 'shot']",套装
['Lot'],个
"['PLATES', '""""']",套装
"['DE', '', 'ASSIETTES']",餐盘
[],“
[],”
['LOT'],个
[],“
[],”
[],骨瓷
"['TASSEENPORCELAINEFINE""""']",马克杯
[],汤勺
"['de', '', 'cuillères']",套装
['Lot'],个
[],“
[],”
['CARAFE'],水罐
[],玻璃杯
[],个
['Lotdeverres'],套装
[],玻璃杯
[],个
['Lotdeverres'],套装
[],甜品
"['""""']",盘
"['DE', '', 'ASSIETTES', 'À', 'DESSERT']",套装
[],“
[],”
['LOT'],个
"['""""']",套装
"['DE', '', 'VERRES', 'À', 'EAU']",水杯
[],“
[],”
['LOT'],个
[],“
[],MARMOT
[],”
"['""MARGOT""']",杯
[],香槟
"['DE', '', 'COUPES', 'À', 'CHAMPAGNE']",套装
['LOT'],个
[],“
[],”
[],香槟
[],杯
"['DE', '', 'FLÛTES', 'À', 'CHAMPAGNE', '""""']",套装
['LOT'],个
[],盘子
[],个
['Lotdeassiettes'],套装
['Grille-pain'],烤面包机
[],冰淇淋
[],碗
"['DE', '', 'BOLS', 'À', 'GLACE']",套装
['LOT'],个
['Oivre-bouteille'],开瓶器
[],中
['MÉDIUM'],号
[],矩形
"['PLATEAU', 'RECTANGULAIRE']",托盘
[],烟熏
[],色
"['en', 'verre', 'détail', 'quartz', 'fumé']",石英玻璃
['Paille'],吸管
[],咖啡杯
"['DE', '', 'TASSES']",套装
['LOT'],个
['Bocal'],玻璃罐
['sel'],amp
['et'],器
[],盐
"['à', 'poivre']",胡椒
[],&
[],;
['Moulins'],研磨
['Bocal'],玻璃罐
['sel'],amp
['et'],器
[],盐
"['à', 'poivre']",胡椒
[],&
[],;
['Moulins'],研磨
['DE'],玻璃杯
[],“
[],”
[],个
['LOT'],套装
['JAUNE'],黄色
[],橙色
"['PORCELAINE', 'ORANGE', 'ET']",陶瓷
['EN'],amp
[],&
[],;
['ASSIETTE'],盘子
[],“
[],”
[],甜品
[],盘
[],个
"['LOTDEASSIETTESÀDESSERT""""']",套装
[],“
[],”
[],甜品
[],盘
[],个
"['LOTDEASSIETTESÀDESSERT""""']",套装
['mouchetée'],斑点
"['Assiette', 'de', 'service']",餐盘
[],咖啡杯
"['DE', '', 'TASSES', 'À', 'CAFÉ']",套装
[],“
[],”
['LOT'],个
[],“
[],SNAKE
[],MACRO
[],ROSES
[],”
['TASSEÀFLEURS'],马克杯
[],小号
"['""""']",电
['LECTRIQUE'],茶壶
[],“
"['PETITE', 'BOULLOIRE']",”
['transparent'],透明
"[""d'eau"", 'en', 'verre', 'détail', 'quartz']",石英玻璃
['Bouteille'],水瓶
"['""""']",”
"['À', 'FRUITS']",水果篮
['CORBEILLE'],“
[],酒杯
"['DE', '', 'VERRES', 'À', 'VIN']",套装
['LOT'],个
[],水杯
"['de', '', 'verres', 'à', 'eau']",套装
['Lot'],个
[],小
['PETITEASSIETTE'],餐盘
[],甜品
"['""""']",盘
"['DE', '', 'ASSIETTES', 'À', 'DESSERT']",套装
[],“
[],”
['LOT'],个
[],香槟
[],杯
"['DE', '', 'VERRES', 'À', 'CHAMPAGNE']",套装
['LOT'],个
"['DE', '', 'VERRES']",杯
[],“
[],”
[],甜品
[],个
['LOT'],套装
[],黑色
[],边缘
[],粉色
[],玻璃杯
"['DE', '', 'VERRES', 'ROSE', 'À', 'BORDURE', 'NOIRE']",套装
[],“
[],”
['LOT'],个
[],“
[],”
[],汤盘
[],餐盘
"['ASSIETTEPLATEASSIETTECREUSE""""']",套装
[],“
[],”
[],汤盘
[],餐盘
"['ASSIETTEPLATEASSIETTECREUSE""""']",套装
[],烟熏
"['COGNAC', 'FUMÈ']",色
[],白兰地
['DE'],杯
[],“
['VERRE'],”
[],“
[],WHITE
[],”
"['SOUS-ASSIETTEBLANCHE""""']",主盘
"['avec', 'détail', 'en', 'quartz', 'transparent']",透明
"['en', 'verre']",石英玻璃
['Paille'],吸管
[],摩卡
['ITALIENNE'],壶
"['GRANDE', 'CAFETIÈRE']",大号
['CAFETIÈREEXPRESSO'],咖啡壶
[],玫瑰色
"['en', 'verre', 'détail', 'quartz', 'rose']",石英玻璃
['Paille'],吸管
[],咖啡杯
"['DE', '', 'TASSES']",套装
['LOT'],个
[],甜品
"['""""']",盘
"['DE', '', 'ASSIETTES', 'À', 'DESSERT']",套装
[],“
[],”
['LOT'],个
[],咖啡杯
"['DE', '', 'TASSES']",套装
['LOT'],个
[],毫升
[],“
[],”
[],旅行
"['GOBELETDEVOYAGE""""ML']",水杯
[],毫升
[],“
[],”
"['BOUTEILLECLIMA""""ML']",保温瓶
[],小
"['PETITE', 'ASSIETTE']",餐盘
['plates'],套装
"['de', '', 'assiettes']",盘子
['Lot'],个
[],香槟
[],杯
"['DE', '', 'VERRES', 'À', 'CHAMPAGNE']",套装
['LOT'],个
[],甜品
"['""""']",盘
"['DE', '', 'ASSIETTES', 'À', 'DESSERT']",套装
[],“
[],”
['LOT'],个
[],玻璃
"['avec', 'couvercle']",盖子
[],中
"['en', 'verre']",号
['moyen'],含
[],“
[],”
['Bocal'],容器
['À'],GOODIE
[],“
[],”
['POT'],罐子
[],甜品
"['""""']",盘
"['DE', '', 'ASSIETTES', 'À', 'DESSERT']",套装
[],“
[],”
['LOT'],个
[],毫升
[],“
[],INFUSER
[],BOTTLE
[],”
"['BOUTEILLEÀINFUSION""""ML']",保温瓶
[],电动
['LECTRIQUE'],榨汁机
[],“
[],”
['PRESSE-AGRUMES'],柑橘
[],“
[],XS
[],”
"['PETITECAFETIÈREEXPRESSO""""']",咖啡壶
[],矩形
[],蒸煮
['Boîtedecuisson'],锅
[],中
"['à', 'pieds', 'moyens']",号
[],蛋糕
"['Support', 'à', 'gâteau']",架
['Boîte'],储物盒
[],件
[],茶具
['Lotdetassesàthé'],套装
[],盘子
[],个
['Lotdeassiettes'],套装
[],盘子
[],个
['Lotdeassiettes'],套装
[],盘子
[],个
['Lotdeassiettes'],套装
['Boîte'],储物盒
[],彩色
['multicolores'],酒杯
[],CUTTING
"['de', '', 'verres', 'à', 'vin']",套装
[],“
[],”
['Lot'],个
[],甜品
"['à', 'dessert']",套装
"['de', '', 'assiettes']",盘
['Lot'],个
[],水杯
"['à', 'eau']",套装
"['de', '', 'verres']",Cutting
['Lot'],个
[],水果盘
[],个
['Lotdeassiettesàfruits'],套装
[],水果盘
[],个
['Lotdeassiettesàfruits'],套装
[],水果盘
[],个
['Lotdeassiettesàfruits'],套装
[],磨砂
[],水杯
"['Lot', 'de', '', 'verres', 'à', 'eau']",件套
[],餐具
[],件
"['Ensemble', 'de', '', 'couverts']",套装
[],香槟
[],杯
[],个
['Lotdecoupesdechampagne'],套装
[],沙拉
['Saladier'],碗
[],沙拉
['Saladier'],碗
[],金色
[],胡椒
"['', 'poivrière']",罐
['Salière'],盐
[],杯子
"['de', '', 'grands', 'verres']",套装
['Lot'],个
[],件
[],茶具
['Lotdepiècesàthé'],套装
['Théière'],茶壶
[],人工
"['en', 'verre', 'de', '', 'soufflé']",吹制
['champagne'],香槟
"['Coupe', 'de']",杯
[],人工
"['en', 'verre', 'de', '', 'soufflé']",吹制
['champagne'],香槟
"['Coupe', 'de']",杯
[],人工
"['en', 'verre', 'de', '', 'soufflé']",吹制
"['vin', 'blanc']",白葡萄酒
"['Verre', 'de']",杯
[],红酒杯
[],个
['Lotdeverresàvin'],套装
[],玻璃杯
"['de', '', 'verres', 'à', 'eau']",套装
['Lot'],个
[],Cutting
[],Coupe
[],玻璃杯
[],个
['LotdecoupesCuttings'],套装
[],Coupe
[],玻璃杯
[],个
['Lotdecoupes'],套装
['Théière'],茶壶
[],蛋糕
"['à', 'gâteaux']",架
"['Petit', 'présentoir']",小号
['de'],玻璃杯
[],个
['Lot'],套装
[],平底
[],玻璃杯
[],个
['Lotdeverresàeauenverre'],套装
[],香槟
['champagne'],杯
"['de', '', 'coupes', 'de']",套装
['Lot'],个
[],玻璃杯
[],个
['Lotdeverresàeaux'],套装
[],葡萄
[],酒杯
"['de', '', 'verres', 'à', 'vin']",套装
['Lot'],个
[],矮
['de'],玻璃杯
[],个
['Lot'],套装
"['en', 'céramique']",陶瓷
[],盘子
"['de', '', 'assiettes']",套装
['Lot'],个
[],人工
"['en', 'verre', 'de', '', 'soufflé']",吹制
"['vin', 'blanc']",白葡萄酒
"['Verre', 'de']",杯
[],保温
['Pichet'],壶
[],玻璃杯
"['de', '', 'verres', 'à', 'eau']",套装
['Lot'],个
[],餐巾
[],环
[],枚
['Lotderondsdeserviettes'],套装
['Carafe'],水瓶
[],镀金
['Assiettecreuse'],汤盘
[],镀金
['Assietteplate'],餐盘
"['Corbeille', 'à', 'fruits']",水果篮
[],咖啡杯
['Tasseàcafésoucoupe'],托盘
[],镀金
[],甜品
['Petiteassiette'],盘
[],甜品
"['à', 'dessert']",套装
"['de', '', 'assiettes']",盘
['Lot'],个
[],甜品
"['à', 'dessert']",套装
"['de', '', 'assiettes']",盘
['Lot'],个
['Bol'],碗
['Pichet'],水罐
['Pichet'],水罐
"['à', 'café']",咖啡杯
"['de', '', 'tasses']",套装
['Lot'],个
"['à', 'café']",咖啡杯
"['de', '', 'tasses']",套装
['Lot'],个
[],沙拉
['Saladier'],碗
"['', 'ex.']",超大
"['avec', 'couvercle']",加盖
"['bocal', 'en', 'verre']",玻璃
['Grand'],容器
['High'],高
[],奶酪
['Pot'],罐
[],保温
['Pichet'],壶
[],保温
['Pichet'],壶
[],杯
[],垫
"['de', '', 'dessous', 'de', 'verre']",套装
['Lot'],个
[],Freendom
['ThéièreFreedom'],茶壶
"['à', 'fromage']",奶酪
[],磨碎
['Râpe'],器
[],玻璃
[],吸管
[],根
['Lotdepaillesenverre'],套装
['Pichet'],水罐
[],保温
['Pichet'],壶
[],小号
['carafe'],水杯
"['Petit', 'set']",套装
[],胡桃
['Casse-noisette'],夹子
[],毫升
[],陶瓷
['Tasseenporcelaineml'],马克杯
[],毫升
[],陶瓷
['Tasseenporcelaineml'],马克杯
[],冷泡
"['Pichet', 'à', 'café']",咖啡壶
[],胡桃
['Casse-noisette'],夹子
[],甜品
"['à', 'dessert']",套装
"['de', '', 'assiettes']",盘
['Lot'],个
['de'],勺
[],叉
[],个
['Lot'],套装
['Tasse'],马克杯
['Tire-bouchon'],开瓶器
[],水杯
"['de', '', 'verres', 'à', 'eau']",套装
['Lot'],个
[],印花
['imprimé'],长方形
[],杂物
"['Plateau', 'rectangulaire']",盘
"['Mousseur', 'à', 'lait']",打奶器
['Corbeilleàfruits'],水果篮
['Bocal'],玻璃罐
[],冷泡
"['Pichet', 'à', 'café']",咖啡壶
[],纸巾
"['Porte', 'essuie-tout']",架
[],黄油
['Beurrier'],碟
['imprimé'],印花
[],圆形
[],杂物
"['Plateau', 'rond']",盘
[],餐巾
[],环
[],枚
['Lotderondsdeserviettes'],套装
[],杯子
"['de', '', 'grands', 'verres']",套装
['Lot'],个
[],黄油
['Beurrier'],碟
['Corbeilleàfruits'],水果篮
"['Mousseur', 'à', 'lait']",打奶器
['Bocal'],玻璃罐
[],纸巾
"['Porte', 'essuie-tout']",架
['Pot'],罐子
['Tasse'],马克杯
['Bocal'],玻璃罐
['Bocal'],玻璃罐
[],毫升
[],陶瓷
['Tasseenporcelaineml'],马克杯
[],毫升
[],陶瓷
['Tasseenporcelaineml'],马克杯
[],厘米
['Assiettecm'],盘垫
[],个
[],餐盘
['Lotdeassiettes'],套装
[],黑色
['noir'],大理石
"['en', 'marbre']",盘
['Vide-poches'],杂物
[],个
[],甜品
[],盘
['Lotdeassiettesàdessert'],套装
[],个
[],甜品
[],盘
['Lotdeassiettesàdessert'],套装
[],个
[],汤盘
['Lotdeassiettescreuses'],套装
[],个
[],甜品
[],盘
['Lotdeassiettesàdessert'],套装
[],咖啡杯
[],个
['Lotdetassesàcafé'],套装
[],咖啡杯
[],个
['Lotdetassesàcafé'],套装
[],咖啡杯
[],个
['Lotdetassesàcafé'],套装
[],咖啡杯
[],个
['Lotdetassesàcafé'],套装
"['en', 'marbre']",大理石
['Bol'],碗
[],茶
[],/
[],咖啡壶
['Théière'],套装
['Bouteilleenmarbre'],大理石
"['en', 'marbre']",大理石
"['Planche', 'à', 'découper']",案板
[],个
[],水杯
['Lotdeverresàeau'],套装
[],个
[],水杯
['Lotdeverresàeau'],套装
[],件
[],茶具
['Lotdepiècesàthé'],套装
[],Antique
['Bocalenmarbre'],大理石
[],Green
[],大理石
['Bocalenmarbrevertdu'],罐
[],大理石
['Bocalenmarbre'],罐子
[],主盘
['Assiettedeprésentation'],套装
[],主盘
['Assiettedeprésentation'],套装
[],大号
"['Grand', 'pichet']",壶
['plates'],套装
"['de', '', 'assiettes']",餐盘
['Lot'],个
[],混合
[],套装
['Kitdemélangepièces'],件套
[],人工
"['en', 'verre', 'de', '', 'soufflé']",吹制
"['vin', 'rouge']",红葡萄酒
"['Verre', 'de']",杯
[],人工
"['en', 'verre', 'de', '', 'soufflé']",吹制
"['vin', 'rouge']",红葡萄酒
"['Verre', 'de']",杯
[],碗
[],个
['Lot'],套装
['plates'],套装
"['de', '', 'assiettes']",餐盘
['Lot'],个
[],调
['Shaker'],酒器
['Assiette'],盘子
['Assiette'],盘子
[],Rajathra
['AssietteRajahra'],盘子
['Assiette'],盘子
['Assiette'],盘子
['Bol'],碗
[],大号
"['Grand', 'bol']",碗
[],碟子
[],个
['Lot'],套装
[],甜品
"['à', 'dessert']",套装
"['de', '', 'assiettes']",盘
['Lot'],个
[],大号
"['Grand', 'bol']",碗
[],大号
"['Grand', 'bol']",碗
[],大号
"['Grand', 'bol']",碗
['Bol'],碗
['Bol'],碗
['Bol'],碗
[],大号
"['Grand', 'bol']",碗
[],大号
"['Grand', 'bol']",碗
[],中
"['à', 'pieds', 'moyens']",号
[],蛋糕
"['Support', 'à', 'gâteau']",架
[],杯子
[],碟子
"['de', '', 'tasses', '', 'soucoupes']",套装
['Lot'],个
"['en', 'porcelaine']",陶瓷
['Théière'],茶壶
[],桌面
[],中心
['Centredetable'],摆件
['Bouteille'],水瓶
['Frandpa'],Grandma
[],茶杯
"['', 'soucoupes']",托盘
"['Lot', 'de', '', 'tasses', 'à', 'thé']",件套
"['', '', 'cm']",厘米
[],陶瓷
[],盘子
"['de', '', 'assiettes', 'en', 'porcelaine']",套装
['Jeu'],个
"['de', 'cristaux']",水晶
"['de', 'voyage', 'orné']",装饰
['Mug'],马克杯
"['de', 'cristaux']",水晶
"['de', 'voyage', 'orné']",装饰
['Mug'],马克杯
"['en', 'porcelaine']",陶瓷
['Sucrier'],糖碗
[],搅拌机
"['Coffret', 'blender']",套装
[],沙拉
[],餐具
"['de', '', 'couverts', 'à', 'salade']",套装
['Lot'],个
[],沙拉
[],餐具
"['de', '', 'couverts', 'à', 'salade']",套装
['Lot'],个
[],大理石
[],冰
['Rafraîchisseuràvinenmarbre'],酒器
[],搅拌机
"['Coffret', 'blender']",套装
[],搅拌机
"['Coffret', 'blender']",套装
"['en', 'marbre']",大理石
[],研钵
['pilon'],研杵
['et'],amp
[],&
['Mortier'],;
[],陶瓷
"['plate', 'en', 'porcelaine']",甜品
['Assiette'],盘
[],香槟
['champagne'],杯
"['de', '', 'coupes', 'de']",套装
['Lot'],个
[],带盖
[],盐
"['avec', 'couvercle']",大理石
"['en', 'marbre']",amp
"['sel', 'et', 'poivre']",胡椒
[],&
[],;
['Contenants'],容器
"['Coffret', 'blender']",搅拌机
['de'],玻璃杯
['Lot'],件套
['de'],玻璃杯
[],个
['Lot'],套装
['plates'],套装
[],甜品
"['de', '', 'assiettes']",盘
['Lot'],个
[],电动
['lectrique'],柑橘
['Presse-agrumes'],榨汁机
[],彩色
['multicolores'],酒杯
"['de', '', 'verres', 'à', 'vin']",套装
[],“
[],”
['Lot'],个
[],彩色
['multicolores'],酒杯
"['de', '', 'verres', 'à', 'vin']",套装
[],“
[],”
['Lot'],个
['Grille-pain'],烤面包机
['Grille-pain'],烤面包机
[],大号
"['Grand', 'pichet']",水壶
[],陶瓷
[],甜品
['Assietteplateenporcelaine'],盘
[],彩色
['multicolores'],红酒杯
"['de', '', 'verres', 'à', 'vin']",套装
[],“
[],”
['Lot'],个
['LECTRIQUE'],电
['BOUILLOIRE'],茶壶
['lectrique'],电
[],小号
"['Petite', 'bouilloire']",茶壶
"['""""']",”
['LECTRIQUE'],电
[],“
['BOUILLOIRE'],茶壶
['Blender'],搅拌机
[],电动
['lectrique'],柑橘
['Presse-agrumes'],榨汁机
"['de', 'cristaux']",水晶
"['de', 'voyage', 'orné']",装饰
['Mug'],马克杯
"['de', 'cristaux']",水晶
"['de', 'voyage', 'orné']",装饰
['Mug'],马克杯
"['de', '', 'assiettes']",盘子
['Lot'],件套
[],大号
"['Grand', 'pichet']",水壶
[],大号
"['Grand', 'pichet']",水壶
['lectrique'],电
['Bouilloire'],茶壶
[],咖啡杯
['Settassesàcafé'],套装
[],电动
['lectrique'],柑橘
['Presse-agrumes'],榨汁机
['Grille-pain'],烤面包机
['Bouteille'],瓶子
['moyenne'],花瓶
['Carafe'],中号
[],杂物
['Plateau'],盘
[],杂物
['Plateau'],盘
['lectrique'],电
[],小号
"['Petite', 'bouilloire']",茶壶
['lectrique'],电
[],小号
"['Petite', 'bouilloire']",茶壶
"['en', 'verre']",玻璃
['Cruche'],水罐
['Blender'],搅拌机
['Blender'],搅拌机
[],玻璃杯
"['de', '', 'verres', 'à', 'eau']",套装
['Lot'],个
[],盘子
[],个
['Lotdeassiettes'],套装
[],大号
"['Grand', 'pichet']",水壶
['de'],玻璃杯
[],个
['Lot'],套装
[],陶瓷杯
"['en', 'porcelaine']",垫
"['de', '', 'dessous', 'de', 'verre']",套装
['Lot'],个
['Grille-pain'],烤面包机
[],大号
"['à', 'poivre']",研磨
[],Mill
"['Grand', 'moulin']",器
['Platdeservice'],盘子
['Blender'],搅拌机
"['', '', 'cm']",厘米
"['en', 'porcelaine']",陶瓷
[],椭圆
"['Plateau', 'ovale']",盘
"['plate', 'en', 'porcelaine']",陶瓷
['Assiette'],餐盘
['Bouteille'],瓶子
['Bouteille'],瓶子
['Bouteille'],瓶子
['Carafe'],水瓶
[],Seed
[],杯子
"['de', '', 'tasses', 'Seeds']",套装
['Lot'],个
"['plate', 'en', 'porcelaine']",陶瓷
['Assiette'],餐盘
[],玻璃杯
"['de', '', 'verres', 'à', 'eau']",套装
['Lot'],个
"['ACIER', 'INOXYDABLE']",不锈钢
"['À', 'FRUITS', 'EN']",水果
[],“
[],”
['BOL'],碗
[],盘子
[],个
['Lotdeassiettes'],套装
[],汤碟
['creuse'],套装
['Assiette'],餐盘
[],混搭
[],葡萄
[],酒杯
"['de', '', 'verres', 'à', 'vin', 'dépareillés']",套装
['Lot'],个
[],大号
"['Grand', 'bol']",碗
[],彩色
[],双
"['chinoises', 'colorées']",套装
"['Lot', 'de', '', 'paires', 'de', 'baguettes']",筷子
[],毫升
[],压纹
[],“
[],PINK
[],BOTTLE
[],”
['BOUTEILLEROSEML'],水瓶
"['', 'soucoupes']",套装
[],咖啡杯
"['Service', 'tasses', 'à', 'expresso']",碟子
"['Dessous', 'de', 'plat']",三脚架
"['Dessous', 'de', 'plat']",三脚架
"['Dessous', 'de', 'plat']",三脚架
['Théière'],茶壶
[],木质
"['en', 'vois']",杂物
['Plateau'],盘
[],面包
['Assietteàpain'],盘
[],陶瓷
[],面包
['Assietteàpainenporcelaine'],盘
[],杂物
['Plateau'],盘
[],配
[],托盘
"['en', 'porcelaine', 'avec', 'plateau']",陶瓷
"['à', 'café']",咖啡杯
"['de', '', 'tasses']",套装
['Lot'],个
['Assiette'],盘子
"['', '', 'cm']",厘米
"['en', 'porcelaine']",陶瓷
[],椭圆
"['Plateau', 'ovale']",盘
[],盘子
[],个
['Lotdeassiettes'],套装
['plates'],套装
[],甜品
"['de', '', 'assiettes']",盘
['Lot'],个
"['en', 'porcelaine']",陶瓷
['Tasse'],马克杯
[],陶瓷
[],面包
['Assietteàpainenporcelaine'],盘
[],镂空
['ajouré'],桶
['Porte-gressins'],面包
['Bouteille'],水瓶
[],毫升
[],“
[],”
['BouteilleClimaml'],保温瓶
[],Cocktail
[],玻璃杯
[],个
['Jeudeverresàcocktails'],套装
[],哑光
[],餐具
"['', 'pièces']",套装
[],“
[],”
['Service'],个
[],毫升
[],Embossed
[],Green
['Bouteilleverteembosséeml'],水瓶
[],陶瓷
"['en', 'porcelaine']",水果盘
[],“
['Asiette'],”
[],Ball
[],玻璃杯
[],个
['Jeudeverresàballons'],套装
['Tire-bouchon'],开瓶器
[],咖啡杯
"['à', 'café']",托盘
"['de', '', 'tasses']",套装
['Lot'],个
[],咖啡杯
"['à', 'café']",托盘
"['de', '', 'tasses']",套装
['Lot'],个
['Tassedorée'],马克杯
[],榨汁
['Presse-agrume'],器
[],甜品
"['à', 'dessert']",套装
"['de', '', 'assiettes']",盘
['Lot'],个
[],毫升
[],压纹
[],“
[],BLUE
[],BOTTLE
[],”
['BOUTEILLEBLEUEML'],水瓶
[],矮脚
[],金属
[],架
"['de', '', 'dessous-de-plat']",套装
['Lot'],个
['Assiette'],餐盘
[],威士忌
"['à', 'whisky']",酒杯
"['Jeu', 'de', '', 'verres']",件套
[],釉面
"['Pichet', 'glacé']",水罐
['Tire-bouchon'],开瓶器
[],碗
[],个
['Lots'],套装
"['Plateau', 'de']",托盘
['Tire-bouchon'],开瓶器
['Carafe'],水罐
"['EN', 'PORCELAINE']",陶瓷
['TASSE'],马克杯
[],椭圆形
[],大
['Platovale'],浅盘
['moyen'],中号
['Bol'],碗
['Bol'],碗
[],毫升
['Bouteilleml'],水瓶
[],陶瓷
[],甜品
['Assietteplateenporcelaine'],盘
[],小
['Dessous-de-verre'],托盘
[],大号
"['Grand', 'bol']",碗
['Bouteille'],水瓶
"['""""']",小号
"['AVEC', 'COUVERCLE']",盖子
"['EN', 'VERRE']",玻璃
[],“
[],”
[],容器
"['PETIT', 'RÉCIPIENT']",含
['Théière'],茶壶
['imprimée'],印花
"['Bouteille', 'thermique']",保温瓶
['moyenne'],花瓶
['Carafe'],中号
[],毫升
['Bouteilleml'],水瓶
[],毫升
['Bouteilleml'],水瓶
['de'],玻璃杯
[],个
['Lot'],套装
"['en', 'marbre']",大理石
"['Planche', 'à', 'découper']",案板
['Assiette'],盘子
[],""""
[],""""
['Assiette'],盘子
[],茶杯
[],托盘
['Tasseàthésoucoupe'],套装
[],毫升
['Bouteilleml'],水瓶
[],小
['Dessous-de-verre'],托盘
[],“
[],”
['Tasse'],马克杯
['Tire-bouchon'],开瓶器
['de'],浅盘
['Plateau'],大
"['Assiette', 'à', 'fruits']",水果盘
[],陶瓷
['Assietteenporcelaine'],盘子
[],“
[],”
[],马克杯
['Lotdetasses'],个装
[],盘子
"['de', '', 'assiettes']",套装
['Lot'],个
['Bouteille'],水瓶
"['Assiette', 'à', 'fruits']",水果盘
['Assiette'],盘子
[],玻璃
[],套装
[],amp
"['une', 'boîte', 'en', 'verre']",锡罐
"['de', '', 'assiettes', 'et']",盘子
[],个
[],&
['Lot'],;
"['Assiette', 'de', 'présentation']",主盘
[],杯子
[],&
[],amp
[],;
['Tasse'],托盘
[],陶瓷
[],甜品
['Assietteplateenporcelaine'],盘
[],迷你
[],杂物
[],盘
"['de', '', 'mini', 'plateaux']",套装
['Lot'],个
"['à', 'dessert']",甜品
['Assiette'],盘
['Plancheàdécouper'],案板
['AssietteL'],子
[],毫升
['Bouteilleml'],水瓶
[],面包屑
['Ramasse-miettes'],收集器
[],“
[],BLUE
[],”
['BolBlu'],碗
['Tasse'],马克杯
[],毫升
['Bouteilleml'],水瓶
[],大号
"['Grand', 'bol']",碗
"['en', 'porcelaine']",陶瓷
"['à', 'dessert']",甜品
['Assiette'],盘
['Assiette'],盘子
['Carafe'],水壶
[],毫升
['Bouteilleml'],水瓶
[],毫升
['Bouteilleml'],水瓶
"['', '', 'ml']",旅行
[],毫升
['Gobelet'],水瓶
"['en', 'porcelaine']",陶瓷
[],小号
"['Petite', 'assiette']",盘子
['PlateauCoupe'],盘子
[],陶瓷
[],桌面
['Centredetableencéramique'],摆件
[],椭圆
['Plat'],盘子
['Plat'],盘子
[],餐盘
[],个
"['de', 'deux', 'assiettes', 'plates']",套装
['Lot'],2
[],餐盘
"['de', '', 'assiettes', 'creuses']",套装
['Lot'],个
[],汤盘
"['de', '', 'assiettes', 'creuses']",套装
['Lot'],个
[],Soup
[],盘子
[],个
['Lotdeassiettescreuses'],套装
[],甜品
"['à', 'dessert']",套装
"['de', '', 'assiettes']",盘
['Lot'],个
[],甜品
"['à', 'dessert']",套装
"['de', '', 'assiettes']",盘
['Lot'],个
[],沙拉
['Saladier'],碗
[],s
['de'],马克杯
[],'
[],个
['Lot'],套装
[],'
[],s
[],马克杯
[],个
['Lotdetasses'],套装
[],椭圆
['Plateauovale'],盘
[],水果
[],碗
[],个
['Lotdebols'],套装
"['de', '', 'bols']",水果
[],碗
[],个
['Lot'],套装
[],香槟
[],杯
[],个
['Lotdeflûtesàchampagne'],套装
[],茶杯
['Tasseàthésoucoupe'],托盘
[],高筒
[],咖啡杯
['Grandetasseàcafésoucoupe'],托盘
[],咖啡杯
['Tasseàcafésoucoupe'],托盘
['Assietteplate'],餐盘
[],陶瓷
['Tasseenporcelaine'],马克杯
[],混搭
[],玻璃杯
"['de', '', 'verres', 'dépareillés']",套装
['Lot'],个
['Tasse'],马克杯
[],玻璃杯
[],个
['Lotdeverres'],套装
[],独家
['Exclusive-Bocal'],容器
[],烟熏
[],色
"['détail', 'quartz', 'fumé']",石英石
"[""d'eau"", 'en', 'verre']",玻璃
['Bouteille'],水瓶
"['détail', 'améthyste']",紫水晶
"[""d'eau"", 'en', 'verre']",玻璃
['Bouteille'],水瓶
"['détail', 'obsidienne', 'noir']",黑曜石
"[""d'eau"", 'en', 'verre']",玻璃
['Bouteille'],水瓶
"['EN', 'BOIS']",胡椒
"['À', 'POIVRE']",木质
[],研磨
['MOULIN'],器
[],-
[],杯
[],摩卡咖啡
['Cafetièretasses'],壶
['Bouilloire'],水壶
"['de', '', 'couteaux']",餐刀
[],把
['Lot'],套装
['sel'],amp
['et'],器
[],盐
"['à', 'poivre']",胡椒
[],&
[],;
['Moulins'],研磨
"['détail', 'améthyste']",紫水晶
"['en', 'verre']",玻璃
['Paille'],吸管
"['à', 'cookies']",饼干
['Récipient'],罐
[],替换
"['de', 'rechange']",套装
['Couvercle'],盖子
[],厘升
[],“
[],BLACK
[],”
[],浓缩
"['CAFETIÈREEXPRESSONOIRE""""CL']",咖啡壶
[],咖啡杯
"['DE', '', 'TASSES']",套装
['LOT'],个
[],六角形
[],黑色
"['noir', 'de', 'Carrare']",卡拉拉
"['en', 'marbre']",大理石
"['Assiette', 'hexagonale']",板
"['""""']",”
[],“
[],胡桃
['CASSE-NOISETTE'],夹
"['en', 'verre']",玻璃
['Cuillères'],勺子
['teintés'],葡萄
[],Tint
[],酒杯
"['de', '', 'verres', 'à', 'vin']",套装
['Lot'],个
[],咖啡杯
"['DE', '', 'TASSES']",套装
['LOT'],个
"['en', 'verre']",玻璃
['Cuillères'],勺子
[],毫升
"['en', 'acier', '', 'ml']",Steel
"['Bouteille', 'Clima']",保温瓶
[],混搭
[],玻璃杯
"['de', '', 'verres', 'à', 'eau']",套装
['Lot'],个
[],毫升
[],“
[],”
"['BOUTEILLECLIMA""""ML']",保温瓶
"['Clima', '', '', 'ml']",保温瓶
['Bouteille'],毫升
['service'],公用
['de'],汤勺
"['de', '', 'cuillères']",套装
['Lot'],个
[],托盘
"['de', '', 'soucoupes']",套装
['Lot'],个
[],不同
[],形状
[],的
['différente'],玻璃杯
['forme'],套装
"['de', '', 'verres', 'transparents', 'de']",透明
['Lot'],个
['teintés'],葡萄
[],Tint
[],酒杯
"['de', '', 'verres', 'à', 'vin']",套装
['Lot'],个
[],托盘
"['de', '', 'soucoupes']",套装
['Lot'],个
[],“
[],”
[],骨瓷
['AssietteenporcelainedeChine'],水果盘
[],毫升
[],“
[],GOLD
[],”
['BouteilleClimaml'],保温瓶
"['de', 'rechange']",替换
['Couvercle'],盖
"['', 'ml']",毫升
"['Deep', 'Blue']",深蓝色
['Travel'],旅行
['Gobelet'],水瓶
[],六角
['hexagonaux'],托盘
"['de', '', 'dessous', 'de', 'verre']",套装
[],小
['Lot'],个
[],毫升
['Bouteilleml'],水瓶
"['Clima', '', '', 'ml']",保温瓶
['Bouteille'],毫升
['Travel'],旅行
[],毫升
['Gobelet'],水瓶
