[],1.2
[],厘米
[],漆皮
"['Ceintureencuirverni1,2cm']",腰带
[],花朵
[],形状
['Lunettesdesoleilenformedefleur'],太阳镜
"['en', 'nylon']",尼龙
['Bob'],渔夫帽
[],印花
"['en', 'soie', 'imprimée']",真丝
['Foulard'],丝巾
[],花朵
[],形状
['Lunettesdesoleilenformedefleur'],太阳镜
[],棉质
[],针织
['Bobenmailledecotonà'],渔夫帽
[],印花
"['en', 'soie', 'imprimée']",真丝
['Foulard'],围巾
"['en', 'cuir']",皮革
['Ceinture'],腰带
['monogramme'],monogram
['jacquard'],提花
"['en', 'coton']",棉质
['Casquette'],棒球帽
[],Signature
[],真丝
[],斜纹
['Foulardensergédesoie'],围巾
[],双条
[],肩带
"['avec', 'double', 'lanière']",包
"['en', 'cuir']",皮革
"['Étui', 'pour', 'téléphone']",手机
"['en', 'acétate']",醋酸纤维
"['de', 'vue', 'rondes']",圆形
[],光学
['Lunettes'],眼镜
"['', '', 'cm']",厘米
"['en', 'cuir']",皮革
['Ceinture'],腰带
[],用格纹
"['à', 'carreaux']",棉质
"['réversible', 'en', 'coton']",两面
['Casquette'],棒球帽
"['et', 'soie']",真丝
[],羊绒
"['en', 'cachemire']",amp
[],&
[],;
['Écharpe'],围巾
[],醋酸纤维
['Lunettesdesoleilenacétate'],太阳镜
['coton'],棉质
"['en', 'sergé', 'de']",斜纹
['Casquette'],棒球帽
[],仿皮
"['en', 'simili-cuir']",环绕
['zippé'],拉链
['Portefeuille'],钱包
"['en', 'cuir']",皮革
['Porte-clés'],钥匙链
[],厘米
[],双面
[],皮革
['Ceintureréversibleencuircm'],腰带
"['en', 'métal']",金属
[],圆形
['rondes'],框
"['Lunettes', 'de', 'soleil']",太阳镜
[],Signature
[],皮革
['Portefeuilleencuir'],钱包
['imprimé'],印花
"['en', 'coton']",棉质
['Bob'],渔夫帽
"['', '', 'cm']",厘米
"['à', 'nouer']",系带
['Ceinture'],腰带
[],粒面
[],皮革
['Porte-cartesencuirgrainé'],卡包
"['en', 'métal']",金属
[],圆形
['rondes'],框
"['Lunettes', 'de', 'soleil']",太阳镜
[],真丝
['Chouchou'],发圈
"['V', 'Logo', '', 'cm']",厘米
"['en', 'cuir']",皮革
[],美杜莎
['Ceinture'],腰带
"['technique', 'mélangé']",科技
[],织物
"['en', 'en', 'tissu']",混纺
['Bob'],渔夫帽
"['avec', 'nœud']",打结
[],粘胶纤维
"['en', 'viscose']",发
['Serre-tête'],带
[],标志性
['imprimé'],印花
"['en', 'coton']",棉质
[],手帕
['Bandana'],巾
[],绗缝
"['en', 'cuir', 'matelassé']",卡包
['Porte-cartes'],皮革
[],Anagram
"['en', 'cuir', 'anagramme']",卡包
['Porte-cartes'],皮革
['imprimée'],印花
['soie'],真丝
"['en', 'sergé', 'de']",斜纹
['Foulard'],围巾
[],棉质
[],针织
['Bobenmailledecotonà'],渔夫帽
"['en', 'acétate']",醋酸纤维
[],猫眼
"['Lunettes', 'de', 'soleil']",太阳镜
[],格纹
"['en', 'maille', 'à', 'carreaux']",针织
['Bob'],渔夫帽
[],皮革
"['en', 'cuir']",包
['Porte-passeport'],护照
['imprimée'],印花
['soie'],真丝
"['en', 'sergé', 'de']",斜纹
['Foulard'],围巾
[],印花
[],斜纹
['Foulardensergéimprimé'],围巾
[],印花
[],真丝
[],斜纹
['Foulardensergédesoieimprimée'],丝巾
[],Shaggy
[],人造
[],鹿皮
['Portefeuilleencerfsynthétiqueépais'],钱包
[],圆形
[],金属
['Lunettesdesoleilenmétal'],太阳镜
"['en', 'acétate']",醋酸纤维
['carrées'],方形
"['Lunettes', 'de', 'soleil']",太阳镜
['enduite'],涂层
"['en', 'toile']",帆布
['Porte-cartes'],卡包
[],Signature
['Chapeauenpaille'],草帽
['matelassé'],绗缝
"['en', 'cuir']",皮革
['Serre-tête'],发夹
[],2.5
"['2,5', 'cm']",厘米
['triangle'],三角形
"['avec', 'boucle']",搭扣
"['en', 'cuir']",皮革
['Ceinture'],腰带
[],编织
"['en', 'cuir']",皮革
['Portefeuille'],钱包
[],印花
"['en', 'soie', 'imprimée']",真丝
['Foulard'],围巾
[],方形
[],醋酸纤维
['Lunettesdesoleilenacétate'],太阳镜
"['et', 'chaîne']",链条
['enduite'],涂层
"['en', 'toile']",帆布
['Portefeuille'],钱包
[],棉质
['Chapeauencoton'],棒球帽
"['en', 'cuir']",皮革
['Porte-clés'],钥匙链
[],2.5
[],厘米
[],水晶
[],皮革
"['Ceintureencuirembelli2,5cm']",腰带
[],Anagram
['anagramme'],amp
"['en', 'cuir', 'et', 'jacquard']",提花
[],&
[],;
[],皮革
['Bob'],渔夫帽
[],方形
[],醋酸纤维
['Lunettesdesoleilcarréesenacétate'],太阳镜
"['avec', 'lanière']",包
"['en', 'cuir']",皮革
"['Étui', 'téléphone']",手机
[],2.5
"['', '2,5', 'cm']",厘米
"['en', 'cuir']",皮带
"['Ceinture', 'réversible']",双面
"['en', 'métal']",金属
"['de', 'soleil', 'aviateur']",飞行员
['Lunettes'],眼镜
['imprimé'],印花
"['en', 'coton']",棉质
['Bob'],渔夫帽
[],皮革
[],手机
['Étuipourtéléhoneencuir'],包
[],厘米
[],麂皮
['Ceintureendaimcm'],腰带
[],Maxi
[],方形
['Lunettesdesoleilcarrées'],太阳镜
[],印花
['imprimée'],真丝
"['en', 'soie']",发
['Bandeau'],带
[],印花
['coquelicots'],渔夫帽
"['tech', 'imprimé']",Poppy
"['réversible', 'en', 'tissu']",科技
['Bob'],织物
"['en', 'acétate']",醋酸纤维
['œil-de-chat'],猫眼
"['Lunettes', 'de', 'soleil']",太阳镜
[],羊毛
[],针织
['Béret'],贝雷帽
['Sac'],钱包
[],monogram
[],羊毛
[],混纺
['Écharpeenlainemélangéeàmonogramme'],围巾
"['10,2']",10.2
"['en', 'acétate']",醋酸纤维
['carrées'],方形
"['Lunettes', 'de', 'soleil']",太阳镜
"['', 'cm']",厘米
"['en', 'cuir', 'clouté']",铆钉
['Ceinture'],皮带
"['en', 'cuir']",皮革
['Porte-cartes'],卡包
['imprimé'],印花
"['en', 'soie']",丝巾
[],佩斯
['Foulard'],里
['écologique'],有机
"['en', 'acétate']",醋酸纤维
[],方形
"['Lunettes', 'de', 'soleil']",太阳镜
[],绗缝
"['zippé', 'en', 'cuir', 'matelassé']",皮革
"['seau', 'mini']",迷你
['Sac'],钱包
[],草编
[],效果
['Bobeffetpaille'],渔夫帽
[],Tr
[],格纹
"['à', 'carreaux']",monogram
[],ip
[],le
"['en', 'soie', 'monogramme']",真丝
['Foulard'],围巾
[],1.5
"['à', '', '1,5', 'cm']",厘米
"['en', 'cuir', 'souple']",软皮
['Ceinture'],腰带
['écologique'],有机
"['en', 'acétate']",醋酸纤维
[],方形
"['Lunettes', 'de', 'soleil']",太阳镜
[],印花
[],涂层
"['enduite', 'imprimé', 'paisley']",帆布
"['en', 'toile']",里
[],佩斯
['Portefeuille'],钱包
[],印花
[],真丝
"['skinny', 'en', 'soie', 'imprimée']",细
['Foulard'],围巾
['Lunettesdesoleil'],太阳镜
[],皮革
['Portefeuilleencuir'],钱包
[],无线
"['sans', 'fil']",耳机
['Casque'],头戴式
[],monogram
[],印花
[],真丝
['Foulardensoieimprimémonogramme'],围巾
[],撞色
"['en', 'cuir', 'color-block']",卡包
['Porte-cartes'],皮革
['imprimé'],印花
[],混纺
"['en', 'soie', 'mélangée']",渔夫帽
['Bob'],真丝
[],蓝牙
['Écouteurssansfil'],耳机
"['à', 'imprimé']",印花
['noué'],蝴蝶结
[],monogram
['Foulard'],围巾
[],2.5
[],厘米
[],皮革
"['Ceintureencuir2,5cm']",腰带
['grainé'],粒面
"['en', 'cuir']",皮革
['Porte-clés'],钥匙链
[],草
"['en', 'raphia', 'avec', 'disques']",渔夫帽
['Bob'],拉菲
[],monogram
[],羊毛
['Foulardenlaineàmonogramme'],围巾
[],皮革
[],手拿
['Pochetteencuir'],包
['Portefeuille'],卡包
[],粘胶纤维
[],钩织
[],&
[],amp
[],;
[],皮革
['Chapeauencuitetcrochetdeviscose'],帽子
['imprimé'],印花
"['en', 'laine']",羊毛
['Écharpe'],围巾
[],印花
[],斜纹
['Casquetteensergimprim'],棒球帽
[],厘米
[],皮革
['Ceintureencuircm'],腰带
"['en', 'acétate']",醋酸纤维
['œil-de-chat'],猫眼
"['Lunettes', 'de', 'soleil']",太阳镜
['Sac'],钱包
[],拉链
[],鳄鱼
[],压纹
"['en', 'cuir', 'embossé', 'crocodile']",皮革
['zippé'],开合
['Portefeuille'],钱包
[],印花
"['en', 'soie', 'imprimée']",真丝
['Foulard'],丝巾
"['en', 'mtal']",金属
['rondes'],圆形
"['Lunettes', 'de', 'soleil']",太阳镜
[],印花
[],斜纹
['Bobensergéimprimé'],渔夫帽
[],皮革
['Porte-cartesencuiraveczip'],卡包
[],Biker
[],Skull
['Pashminaàmotiftêtedemort'],围巾
[],细节
"['avec', 'charm']",皮革
"['en', 'cuir']",骷髅
['Porte-cartes'],卡包
"['en', 'métal']",金属
['rondes'],圆形
"['Lunettes', 'de', 'soleil']",太阳镜
[],真丝
[],斜纹
['Shortensergsoie'],围巾
[],New
[],大廓
[],型
[],醋酸纤维
['Lunettesdesoleiloversizeenacétateà'],太阳镜
[],棉
['coton'],粘胶纤维
"['viscose', 'et']",amp
[],钩织
"['en', 'crochet', 'de']",渔夫帽
[],&
['Bobe'],;
[],多孔
[],皮革
['Porte-cartesencuirperforé'],卡包
['imprimé'],印花
"['en', 'cachemire']",羊绒
[],佩斯
[],里
['Foulard'],围巾
[],水晶
[],椭圆
['Lunettesdesoleilencristaux'],太阳镜
"['en', 'cuir']",皮革
[],涂鸦
['Porte-cartes'],卡包
[],Simple
[],印花
[],皮革
['Portefeuilleencuirimprimé'],钱包
[],Butterfly
[],醋酸纤维
['Lunettesdesoleilenacétate'],太阳镜
[],印花
"['en', 'soie', 'imprimée']",真丝
['Foulard'],围巾
[],编织
"['en', 'cuir']",皮革
['Portefeuille'],钱包
['imprimé'],印花
"['en', 'cachemire']",羊绒
[],佩斯
[],里
['Foulard'],围巾
[],1.5
[],厘米
"['Ceinture1,5cm']",腰带
[],Monogram
"['à', 'chaîne']",链条
"['embossé', 'monogramme']",压纹
"['en', 'cuir']",皮革
['Portefeuille'],钱包
['Ceinture'],皮带
[],D
[],框
[],醋酸纤维
['Lunettesdesoleilenacétate'],太阳镜
['Porte-clés'],钥匙包
[],Maxi
[],印花
[],混棉
[],费多
[],拉
['Fédoraencotonmélangéimprimé'],帽子
[],印花
"['en', 'soie', 'imprimée']",真丝
['Foulard'],丝巾
['Sac'],钱包
"['en', 'acétate']",醋酸纤维
['ovales'],椭圆形
"['Lunettes', 'de', 'soleil']",太阳镜
[],毫米
[],亮面
[],皮革
['Ceintureencuirbrillantmm'],腰带
[],编织
['nappa'],纳帕
"['en', 'cuir']",皮卡
['Porte-cartes'],包
[],草编
[],&
[],amp
[],;
[],皮革
['Chapeauencuiretpaille'],帽子
[],厘米
[],双面
[],皮革
['Ceintureréversiblecm'],腰带
[],金属
['Lunettesdesoleilenmétal'],太阳镜
['Portefeuille'],钱包
[],皮革
['Portefeuilleencuir'],钱包
"['en', 'mtal']",金属
['rondes'],圆形
"['Lunettes', 'de', 'soleil']",太阳镜
['soie'],真丝
[],周身
"['en', 'sergé', 'de']",斜纹
['Foulard'],围巾
[],厘米
"['à', 'nouer', '', '', 'cm']",打结
['Ceinture'],腰带
[],厘米
[],双面
['Ceintureréversiblecm'],腰带
[],Maxi
[],混棉
[],提花
['Casquetteencotonmélangéjacquard'],帽子
"['en', 'métal']",金属
['carrées'],方形
"['Lunettes', 'de', 'soleil']",太阳镜
[],真丝
['Chouchou'],发圈
['desoleil'],太阳镜
[],厘米
[],双面
[],皮革
['Ceintureréversibleencuircm'],腰带
"['en', 'cuir']",皮革
['Porte-cartes'],卡包
[],印花
"['imprimé', 'paisley']",渔夫帽
"['en', 'coton']",棉质
[],佩斯
['Bob'],里
['cm'],厘米
"['à', '', '2,5']",2.5
"['en', 'nylon']",尼龙
[],迷你
['Ceinture'],腰带
['monogramme'],Monogram
"['en', 'cuir']",皮革
['Ceinture'],腰带
['desoleil'],太阳镜
[],格纹
[],帆布
['carreaux'],拉链
"['zippé', 'en', 'toile', 'à', 'petits']",迷你
['Portefeuille'],钱包
"['V', 'Logo', '', 'cm']",厘米
"['en', 'cuir']",皮革
[],美杜莎
['Ceinture'],腰带
[],提花
"['et', 'jacquard']",卡包
[],amp
"['en', 'cuir']",皮革
[],Anagram
[],&
['Porte-cartes'],;
[],格纹
"['à', 'carreaux']",印花
"['fin', 'en', 'soie']",真丝
['Foulard'],围巾
[],厘米
"['monogramme', '', 'cm']",Monogram
"['en', 'cuir']",皮革
['Ceinture'],腰带
"['en', 'acétate']",醋酸纤维
['carrées'],方形
"['Lunettes', 'de', 'soleil']",太阳镜
"['en', 'perles']",串珠
['Bonnet'],便帽
[],2.5
"['', '2,5', 'cm']",厘米
['embelli'],装饰
"['en', 'cuir']",皮革
['Ceinture'],腰带
[],醋酸纤维
['Lunettesdesoleilenacétate'],眼镜
['desoleil'],太阳镜
['ajouré'],镂空
"['en', 'métal']",金属
['carré'],方形
"['Lunettes', 'de', 'soleil']",太阳镜
[],VLogo
[],彩色
['BobmulticoloreVLogo'],渔夫帽
[],醋酸纤维
['Lunettesdesoleilenacétatepanna'],太阳镜
[],两色
['bicolore'],包
"['en', 'simili-cuir']",仿
['Porte-cartes'],皮卡
[],印花
[],再生
['Masque'],口罩
[],Monogram
['monogramme'],斜纹
[],印花
"['en', 'sergé', 'de', 'soie', 'imprimé']",发圈
['Chouchou'],真丝
[],醋酸纤维
['Lunettesdesoleilenacétate'],眼镜
[],Berligo
"['avec', 'charm', 'Berlingo']",吊坠
"['en', 'denim']",牛仔
['Porte-clés'],钥匙链
[],羊毛
[],流苏
['Écharpeenlaineàfrangesà'],围巾
[],提花
['Porte-cartesenjacquard'],卡包
[],毫米
[],鳄鱼
[],压纹
[],皮革
['Ceintureencuirembossécrocodilemm'],腰带
['crocodile'],鳄鱼
['embossé'],压纹
"['en', 'cuir']",皮革
['Ceinture'],腰带
"['en', 'cuir']",皮革
['Portefeuille'],钱包
"['en', 'simili-cuir']",仿皮
['Bob'],渔夫帽
"['en', 'fausse', 'fourrure']",渔夫帽
['Bob'],人造皮草
[],条纹
[],帆布
['Porte-cartesentoileàrayures'],卡包
[],格纹
"['à', 'carreaux']",amp
[],羊毛
"['en', 'laine', 'et', 'cuir']",皮革
[],&
[],;
['Gants'],手套
['desoleil'],太阳镜
['doublé'],双面
"['en', 'cuir']",皮革
['Ceinture'],腰带
['métallisé'],金属色
"['en', 'cuir']",皮革
['Porte-cartes'],卡包
"['en', 'simili-cuir']",仿皮
['Casquette'],棒球帽
"['à', 'franges']",流苏
['recyclée'],再生
"['en', 'laine']",羊毛
[],Logo
['Écharpe'],围巾
"['en', 'acétate']",醋酸纤维
['œil-de-chat'],猫眼
"['Lunettes', 'de', 'soleil']",太阳镜
['pailleté'],亮粉
['Porte-cartes'],卡包
[],装饰
"['à', 'cheveux', 'embellie']",小号
"['Petite', 'barrette']",发夹
[],仿皮
['Portefeuilleensimili-cuir'],钱包
"['en', 'cuir']",皮革
['renard'],小狐狸
['Porte-clés'],钥匙链
"['en', 'cuir']",皮革
[],手机
"['Étui', 'pour', 'téléphone']",包
"['V', 'Logo']",VLogo
['grainé'],粒面
"['en', 'cuir']",皮革
['Porte-cartes'],卡包
[],金属色
"['compact', 'en', 'simili-cuir', 'métallisé']",仿皮
['Portefeuille'],钱包
['crâne'],骷髅
"['à', 'imprimé']",印花
['Foulard'],围巾
[],Monogram
['Porte-cartesàmonogramme'],卡包
['métallisé'],金属色
"['en', 'cuir']",皮革
['Porte-cartes'],卡包
[],穿孔
"['avec', 'piercing']",细节
"['en', 'feutrine']",毛毡
['Chapeau'],帽子
[],毫米
[],亮面
[],皮革
['Ceintureencuirbrillantmm'],腰带
[],鳄鱼
[],压纹
[],皮革
[],Air
[],pods
['ÉtuipourAirPodsencuirembossécrocodile'],保护套
['cm'],厘米
"['3,5']",3.5
"['à', 'monogramme']",Monogram
"['en', 'jacquard']",提花
['Ceinture'],腰带
[],皮革
[],手机
['Étuitéléphoneencuiraveclanière'],包
[],Maxi
[],混棉
[],提花
['Bobenjacquarddecotonmélangé'],渔夫帽
['métallisé'],金属色
"['en', 'cuir']",皮革
[],拉链
['zippé'],开合
['Portefeuille'],钱包
"['en', 'cuir']",皮革
['Portefeuille'],钱包
['jacquard'],提花
[],真丝
"['et', 'laine']",羊毛
"['en', 'soie']",amp
[],&
[],;
['Châle'],披肩
[],棉质
['Casquetteencotonà'],棒球帽
"['en', 'cuir']",皮革
['Porte-cartes'],卡包
[],羊绒
"['de', 'cachemire', 'mélangé']",混纺
"['en', 'maille']",针织
[],圆形
['Bonnet'],便帽
