[],贴片
[],羊毛
"['de', 'laine', 'mélangée', 'avec', 'patch']",混纺
"['en', 'maille']",针织
['Bonnet'],便帽
[],格纹
[],印花
"['de', 'coton', 'à', 'carreaux']",棉质
"['en', 'toile']",帆布
"['Sac', 'à', 'dos']",双肩包
[],贴片
[],羊毛
"['de', 'laine', 'mélangée', 'avec', 'patch']",混纺
"['en', 'maille']",针织
['Bonnet'],便帽
['imprimé'],印花
"['en', 'nylon']",尼龙
"['Sac', 'à', 'dos']",双肩包
"['avec', 'patch']",贴片
['côtelé'],罗纹
"['en', 'cachemire']",羊绒
['Bonnet'],便帽
"['avec', 'oreilles']",耳朵
[],装饰
"['en', 'fausse', 'fourrure']",人造皮草
"['Sac', 'à', 'dos']",双肩包
['laine'],羊毛
"['torsadée', 'de']",扭绳
"['en', 'maille']",针织
['Foulard'],围巾
"['en', 'jacquard']",提花
['Bandeau'],帽子
"['de', 'coton']",棉质
"['en', 'gabardine']",渔夫帽
['Bob'],华达呢
"['à', '', 'brodé']",刺绣
"['en', 'coton']",棉质
['Casquette'],棒球帽
"['et', 'teddy']",amp
[],棉质
"['en', 'gabardine', 'de', 'coton']",华达呢
[],&
[],;
[],毛绒
['Casquette'],棒球帽
"['avec', 'détail']",细节
['élastique'],弹力
[],织带
['Ceinture'],腰带
"['de', 'laine']",羊毛
"['en', 'maille']",针织
['Écharpe'],围巾
"['en', 'nylon']",尼龙
"['à', 'langer']",妈咪
['Sac'],包
[],橡胶
"['mélangée', 'à', '', 'caoutchouté']",混纺
"['en', 'laine']",羊毛
[],处理
['Bonnet'],便帽
"['en', 'fausse', 'fourrure']",人造皮草
['lapin'],兔子
['Peluche'],玩具
[],厘米
['Ceinture'],腰带
[],印花
[],帆布
"['en', 'toile', 'imprimé']",垫
"['', 'matelas', 'à', 'langer']",更换
[],妈咪
['Sac'],包
[],格纹
"['en', 'coton', 'mélangé', 'à', 'carreaux']",渔夫帽
['Bob'],混棉
['biologique'],有机棉
[],羊毛
"['laine', 'et', 'coton']",针织
"['en', 'maille', 'de']",amp
[],&
[],;
['Couverture'],毯子
[],logo
[],绗缝
[],尼龙
['Couvertureennylonmatelassée'],毯子
[],周身
"['en', 'nylon']",尼龙
"['à', 'langer']",妈咪
[],印花
['Sac'],包
"['en', 'peluche', 'avec', 'sweat-shirt']",卫衣
['Ours'],泰迪熊
[],泰迪熊
[],有机棉
"['en', 'coton', 'biologique', 'Teddy', 'Bear']",套装
['lit'],床单
"['Parure', 'de']",印花
['Animals'],动物
[],有机棉
"['en', 'coton', 'biologique']",套装
['lit'],床单
"['Parure', 'de']",印花
['Animals'],动物
[],有机棉
"['en', 'coton', 'biologique']",套装
['lit'],床单
"['Parure', 'de']",印花
[],印花
['imprimé'],双面
['interlock'],布
"['en', 'coton']",棉质
['Couverture'],毯子
"['à', 'patch']",贴片
"['en', 'coton']",棉质
['Bob'],渔夫帽
['imprimé'],印花
"['en', 'coton']",棉质
['Couverture'],毯子
"['en', 'coton']",棉质
['Casquette'],棒球帽
['Ceinture'],腰带
"['en', 'cachemire']",羊绒
['Couverture'],毯子
"['en', 'polycarbonate']",聚碳酸酯
"['Lunettes', 'de', 'soleil']",太阳镜
['recyclé'],再生
['mélangé'],混合
"['en', 'polyéthylène']",聚乙烯
"['Lunettes', 'de', 'soleil']",太阳镜
[],巴洛克
['Baroque'],印花
"['en', 'coton', 'imprimé']",棉质
['Serviette'],毛巾
['matelassé'],绗缝
"['de', 'coton']",棉质
"['en', 'sergé']",斜纹
"['Sac', 'de', 'couchage']",睡袋
[],棉质
"['en', 'gabardine', 'de', 'coton']",华达呢
['Casquette'],棒球帽
['jacquard'],提花
"['en', 'coton']",纯棉
['Écharpe'],围巾
['douce'],柔软
"['en', 'peluche']",毛绒玩具
['Lapin'],兔子
[],柔软
"['en', 'peluche', 'douce']",毛绒玩具
['Ours'],小熊
['peluche'],柔软
[],绵羊
['Mouton'],玩具
[],Dog
[],柔软
"['Chien', 'peluche']",毛绒玩具
"['avec', 'boucle']",搭扣
"['en', 'cuir']",皮革
['Ceinture'],腰带
['IMPRIMÉ'],印花
[],尼龙
"['BOB', 'EN', 'NYLON']",渔夫帽
[],初
"['de', 'laine', 'vierge']",剪羊毛
"['en', 'maille']",针织
['Bonnet'],便帽
"['en', 'nylon']",尼龙
"['à', 'langer']",妈咪
['Sac'],包
"['en', 'polycarbonate']",聚碳酸酯
"['Lunettes', 'de', 'soleil']",太阳镜
[],羊毛
"['de', 'laine', 'mélangée']",混纺
"['en', 'maille']",针织
['Bonnet'],便帽
[],羊毛
[],混纺
"['en', 'maille', 'de', 'laine', 'mélangée']",针织
['Gants'],手套
['Medusa'],美杜莎
['Porte-clés'],钥匙链
['jacquard'],提花
"['en', 'coton']",纯棉
['Écharpe'],围巾
['bio'],有机棉
[],印花
"['de', 'couette', '', 'taie', ""d'oreiller"", 'en', 'coton']",毯子
['Housse'],抱枕
[],动物
['bio'],有机棉
[],印花
"['de', 'couette', '', 'taie', ""d'oreiller"", 'en', 'coton']",毯子
['Housse'],抱枕
"['à', 'carreaux']",格纹
[],棉质
"['en', 'gabardine', 'de', 'coton']",华达呢
['Casquette'],棒球帽
[],羊绒
[],羊毛
"['laine', 'et', 'cachemire']",针织
"['en', 'maille', 'de']",amp
[],&
[],;
[],嵌花
['Couverture'],毯子
"['en', 'laine', 'vierge']",剪羊毛
[],初
['Bonnet'],便帽
"['BANANE', 'EN', 'NYLON']",尼龙
[],印花
['SAC'],腰包
"['en', 'coton']",纯棉
['Casquette'],棒球帽
[],棉
[],帆布
[],司机
"['CASQUETTEENTOILEDECOTON""""']",帽
"['', 'EMBOSSÉ']",压纹
"['EN', 'CUIR', 'AVEC']",皮革
['CEINTURE'],腰带
[],棉质
"['en', 'gabardine', 'de', 'coton']",华达呢
['Casquette'],棒球帽
[],仿皮
['Ceinture'],腰带
['jacquard'],提花
"['en', 'coton']",纯棉
['Écharpe'],围巾
['technique'],科技
[],织物
"['en', 'nylon']",尼龙
"['de', 'ski']",滑雪
['Gants'],手套
[],LOGO
[],混棉
"['BOBENCOTONMÉLANGÉ""""']",渔夫帽
"['avec', 'boucle']",搭扣
"['en', 'cuir']",皮革
['Ceinture'],腰带
[],LOGO
[],提花
['JACQUARD'],毯子
"['COUVERTURE', 'EN', 'LAINE']",羊毛
[],连帽
"['à', 'capuche']",羽绒
"['en', 'nylon']",尼龙
"['de', 'couchage']",睡袋
['Sac'],Logo
[],贴片
"['de', 'coton', 'avec', 'patch']",棉质
"['en', 'maille']",针织
['Bonnet'],便帽
[],格纹
"['à', 'carreaux']",美利奴
"['en', 'laine', 'mérinos']",羊毛
"['en', 'peluche']",玩具
['Ours'],小熊
[],羊毛
[],混纺
['Couvertureenlainemélangéeà'],毯子
['DÉTAILS'],细节
[],织带
"['ÉLASTIQUE', 'AVEC']",松紧
['CEINTURE'],腰带
[],印花
[],羊毛
"['LAINE', 'IMPRIMÉ']",真丝
"['EN', 'SOIE', 'ET']",amp
[],&
[],;
['CRAVATE'],领带
"['en', 'nylon']",尼龙
"['à', 'langer']",妈咪
['Sac'],包
"['en', 'simili-cuir']",仿皮
"['à', 'langer']",垫
"['', 'matelas']",尿布
[],妈咪
['Sac'],包
"['en', 'nylon']",尼龙
"['Sac', 'à', 'dos']",双肩包
"['avec', 'pompon']",绒球
"['patch', '', 'avec']",贴片
"['en', 'coton']",棉质
['Bonnet'],便帽
['imprimé'],印花
"['en', 'nylon']",尼龙
"['Sac', 'à', 'dos']",双肩包
[],美
[],利奴羊
"['de', 'laine', 'mélangée', 'mérinos']",毛混纺
"['en', 'maille']",针织
['Bonnet'],便帽
[],柔软
"['en', 'peluche', 'douce']",毛绒玩具
['Mouton'],绵羊
['douce'],柔软
"['en', 'peluche']",毛绒玩具
['Chien'],小狗
['douce'],柔软
"['en', 'peluche']",毛绒玩具
['Lapin'],兔子
[],尼龙
['nylon'],羽绒
"['rembourré', 'en', 'taffetas', 'de']",塔夫绸
['Chapeau'],帽
[],刺绣
[],羊毛
"['en', 'laine', 'mélangée', 'à', '', 'brodé']",混纺
['Bonnet'],便帽
"['avec', 'oreilles']",耳朵
"['de', 'laine']",羊毛
[],装饰
"['en', 'maille']",针织
['Bonnet'],帽子
[],棉质
"['en', 'gabardine', 'de', 'coton']",华达呢
['Casquette'],棒球帽
[],苹果
[],印花
"['en', 'coton', 'biologique', 'imprimé', 'pommes']",有机棉
['Bob'],渔夫帽
['matelassé'],绗缝
"['de', 'coton']",棉质
"['en', 'sergé']",斜纹
"['Sac', 'de', 'couchage']",睡袋
['imprimé'],印花
"['en', 'coton']",棉质
['Couverture'],毯子
['ours'],小熊
"['à', 'motif', 'embossé']",压纹
"['en', 'cachemire']",羊绒
['Couverture'],毯子
[],条纹
"['Couverture', 'à', 'rayures']",毯子
[],有机棉
"['en', 'coton', 'biologique']",套装
['lit'],小矮人
[],印花
"['Parure', 'de']",被罩
"['EN', 'CUIR', 'AVEC']",皮革
['CEINTURE'],腰带
"['EN', 'CUIR', 'AVEC']",皮革
['CEINTURE'],腰带
[],混棉
['Bobencotonmélangéà'],渔夫帽
[],初
"['torsadée', 'de', 'laine', 'vierge']",剪羊毛
[],扭绳
"['en', 'maille']",针织
['Bonnet'],便帽
[],初
"['torsadée', 'de', 'laine', 'vierge']",剪羊毛
[],扭绳
"['en', 'maille']",针织
['Bonnet'],便帽
[],初
"['torsadée', 'de', 'laine', 'vierge']",剪羊毛
[],扭绳
"['en', 'maille']",针织
['Bonnet'],便帽
[],初
"['torsadée', 'de', 'laine', 'vierge']",剪羊毛
[],扭绳
"['en', 'maille']",针织
['Bonnet'],便帽
[],填充
"['en', 'nylon']",尼龙
"['à', 'langer']",妈咪
['Sac'],包
[],尼龙
"['en', 'nylon']",更换
"['', 'matelas', 'à', 'langer']",垫
[],妈咪
['Sac'],包
"['avec', '', 'Baroque']",巴洛克
[],搭扣
"['en', 'simili-cuir']",仿皮
['Ceinture'],腰带
"['avec', '', 'Baroque']",巴洛克
[],搭扣
"['en', 'simili-cuir']",仿皮
['Ceinture'],腰带
[],贴片
[],羊毛
"['de', 'laine', 'mélangée', 'avec', 'patch']",混纺
"['en', 'maille']",针织
['Bonnet'],便帽
[],贴片
[],羊毛
"['de', 'laine', 'mélangée', 'avec', 'patch']",混纺
"['en', 'maille']",针织
['Bonnet'],便帽
['Medusa'],美杜莎
['Porte-clés'],钥匙链
['Medusa'],美杜莎
['Porte-clés'],钥匙链
['Medusa'],美杜莎
['Porte-clés'],钥匙链
['Medusa'],美杜莎
['Porte-clés'],钥匙链
"['de', 'laine']",羊毛
"['en', 'maille']",针织
['Bonnet'],便帽
"['à', 'carreaux']",格纹
"['en', 'nylon']",尼龙
"['Sac', 'à', 'dos']",双肩包
"['avec', 'patch']",贴片
"['de', 'laine']",羊毛
"['en', 'maille']",针织
['Bonnet'],便帽
"['avec', 'patch']",贴片
"['de', 'laine']",羊毛
"['en', 'maille']",针织
['Bonnet'],便帽
"['avec', 'patch']",贴片
"['de', 'laine']",羊毛
"['en', 'maille']",针织
['Bonnet'],便帽
[],印花
[],棉质
"['en', 'coton', 'imprimé']",垫
"['', 'matelas', 'à', 'langer']",更换
[],妈咪
['Sac'],包
[],羊毛
[],混纺
['Écharpeenlainemélangéeà'],围巾
[],周身
"['en', 'nylon']",尼龙
"['à', 'langer']",妈咪
[],印花
['Sac'],包
['technique'],科技
"['en', 'tissu']",织物
['bag'],托特
['Tote'],包
['matelassé'],绗缝
"['en', 'nylon']",尼龙
[],蓬松
['Manteau'],手套
"['à', 'carreaux']",格纹
['enduit'],涂层
"['en', 'coton']",棉质
['Bavoir'],围嘴
[],Logo
[],条纹
[],羊毛
"['en', 'maille', 'de', 'laine', 'à', 'rayures']",针织
['Gants'],手套
['GG'],G
[],棉质
"['banane', 'en', 'coton', 'jacquard']",提花
[],双
['Sac'],腰包
[],天鹅绒
"['en', 'velours']",蓬松
[],贴片
[],游戏
"['Tapis', ""d'éveil""]",垫
"['en', 'simili-cuir']",仿皮
[],更换
"['', 'matelas', 'à', 'langer']",垫
[],妈咪
['Sac'],包
['brodé'],刺绣
"['en', 'nylon']",尼龙
"['à', 'langer']",妈咪
['Sac'],包
['brodé'],刺绣
"['en', 'nylon']",尼龙
"['à', 'langer']",妈咪
['Sac'],包
"['avec', 'patch']",贴片
['côtelé'],罗纹
"['en', 'cachemire']",羊绒
['Bonnet'],便帽
"['avec', 'patch']",贴片
['côtelé'],罗纹
"['en', 'cachemire']",羊绒
['Bonnet'],便帽
[],印花
['imprimé'],平纹
"['en', 'jersey']",针织
['Bonnet'],帽子
[],有机棉
"['lit', 'en', 'coton', 'biologique']",套装
[],狮子
[],印花
"['Parure', 'de']",被罩
[],恐龙
['Dragon'],有机棉
"['lit', 'en', 'coton', 'biologique']",套装
[],印花
"['Parure', 'de']",被罩
[],天鹅绒
"['en', 'velours']",蓬松
[],贴片
[],游戏
"['Tapis', ""d'éveil""]",垫
['matelassé'],绗缝
"['en', 'nylon']",尼龙
['Bob'],渔夫帽
['Soccer'],足球
[],有机棉
"['lit', 'en', 'coton', 'biologique']",套装
[],印花
"['Parure', 'de']",被罩
[],印花
['imprimé'],套装
[],棉质
"['de', '', 'bonnets', 'en', 'coton']",便帽
['Lot'],个
[],羊毛
"['de', 'laine', 'jacquard']",提花
"['en', 'maille']",针织
['Bonnet'],便帽
"['à', 'rayures']",条纹
"['en', 'coton']",棉质
['Bonnet'],帽子
"['de', 'coton']",棉质
"['en', 'maille']",针织
['Bonnet'],便帽
['Dinosaur'],恐龙
[],有机棉
"['lit', 'en', 'coton', 'biologique']",套装
[],印花
"['Parure', 'de']",被罩
"['&amp;', 'ceinture']",腰带
"['à', '', 'brodé']",刺绣
[],棉质
"['en', 'coton']",浴袍
['Peignoir'],系
['Ceinture'],腰带
['Astronaut'],宇航员
[],有机棉
"['lit', 'en', 'coton', 'biologique']",套装
[],印花
"['Parure', 'de']",被罩
['Spaceship'],宇宙飞船
[],有机棉
"['lit', 'en', 'coton', 'biologique']",套装
[],印花
"['Parure', 'de']",被罩
[],有机棉
"['lit', 'en', 'coton', 'biologique']",套装
[],印花
"['Parure', 'de']",被罩
"['&amp;', 'franges']",流苏
[],格纹
"['intarsia', 'à', 'carreaux']",嵌花
"['en', 'cachemire']",羊绒
['Écharpe'],围巾
[],周身
[],印花
[],科技
[],织物
"['en', 'polaire', 'technique', 'imprimée']",拉绒
"['Sac', 'de', 'couchage']",睡袋
"['et', 'laine']",羊毛
"['de', 'coton']",棉
[],amp
"['en', 'maille']",针织
[],&
[],;
['Bonnet'],便帽
"['et', 'laine']",羊毛
"['de', 'coton']",棉
[],amp
"['en', 'maille']",针织
[],&
[],;
['Bonnet'],便帽
[],填充
[],棉质
[],平纹
"['en', 'jersey', 'de', 'coton', 'rembourré']",针织
['Couverture'],毯子
[],羊毛
"['en', 'maille']",针织
['Bonnet'],便帽
['intarsia'],嵌花
[],羊毛
"['en', 'laine', 'mélangée']",混纺
[],Icon
[],条纹
['Bonnet'],便帽
[],棉
[],amp
"['en', 'coton', 'et', 'cachemire']",羊绒
[],&
[],;
['Bonnet'],便帽
[],印花
"['en', 'molleton', 'de', 'coton', 'imprimé']",棉质
['Bonnet'],帽子
[],印花
"['en', 'molleton', 'de', 'coton', 'imprimé']",棉质
['Bonnet'],帽子
[],印花
"['en', 'molleton', 'de', 'coton', 'imprimé']",棉质
['Bonnet'],帽子
[],刺绣
[],羊毛
"['en', 'laine', 'mélangée', 'à', '', 'brodé']",混纺
['Bonnet'],便帽
[],刺绣
[],羊毛
"['en', 'laine', 'mélangée', 'à', '', 'brodé']",混纺
['Bonnet'],便帽
[],羊毛
"['de', 'laine', 'jacquard']",提花
"['en', 'maille']",针织
['Bonnet'],便帽
['Panda'],熊猫
[],有机棉
"['lit', 'en', 'coton', 'biologique']",套装
[],印花
"['Parure', 'de']",被罩
[],小狗
[],有机棉
"['lit', 'en', 'coton', 'biologique']",套装
[],印花
"['Parure', 'de']",被罩
[],猩猩
[],有机棉
"['lit', 'en', 'coton', 'biologique', 'Orangutan']",套装
[],印花
"['Parure', 'de']",被罩
['Surf'],冲浪
[],有机棉
"['lit', 'en', 'coton', 'biologique']",套装
[],印花
"['Parure', 'de']",被罩
[],柔软
[],刺猬
"['Pouf', 'hérisson']",沙发
[],印花
[],科技
[],织物
"['technique', 'imprimée']",拉绒
"['en', 'polaire']",周身
"['', 'chaussons']",包脚
['Bonnet'],帽子
[],羊绒
"['de', 'laine', 'et', 'cachemire']",羊毛
[],amp
"['en', 'maille']",针织
[],&
[],;
['Bonnet'],帽子
[],贴片
[],罗纹
"['de', 'laine', 'côtelée', 'avec', 'patch']",羊毛
"['en', 'maille']",针织
['Bonnet'],便帽
"['en', 'laine']",羊毛
['Écharpe'],围巾
"['en', 'cachemire']",羊绒
['Casquette'],棒球帽
"['de', 'laine']",羊毛
"['en', 'maille']",针织
['Écharpe'],围巾
[],周身
['imprimé'],印花
"['en', 'nylon']",尼龙
"['Sac', 'à', 'dos']",双肩包
[],有机棉
"['en', 'coton', 'biologique']",套装
['lit'],灌篮
[],印花
"['Parure', 'de']",被罩
[],针织
"['en', 'maille']",羊毛
['Bonnet'],帽子
['brodée'],刺绣
"['en', 'maille']",针织
['Bonnet'],便帽
[],棉质
"['en', 'gabardine', 'de', 'coton']",华达呢
['Casquette'],棒球帽
"['', 'un', 'clip']",Logo
"['une', 'tétine']",奶嘴
[],奶瓶
[],安抚
[],夹子
"['de', '2', 'biberons,']",套装
['Lot'],、
"['de', 'laine']",羊毛
"['en', 'maille']",针织
['Bonnet'],便帽
"['', 'un', 'clip']",Logo
"['une', 'tétine']",奶嘴
[],奶瓶
[],安抚
[],夹子
"['de', '2', 'biberons,']",套装
['Lot'],、
['Palms'],棕榈树
[],有机棉
"['lit', 'en', 'coton', 'biologique']",套装
[],印花
"['Parure', 'de']",被罩
"['avec', 'patch']",贴片
"['en', 'coton', 'mélangé']",混棉
['Bonnet'],便帽
[],柔软
"['en', 'coton', 'doux']",毛绒玩具
['Oie'],白鹅
['douce'],柔软
"['en', 'peluche']",毛绒玩具
['Oie'],白鹅
"['en', 'fausse', 'fourrure']",人造皮草
['lapin'],兔子
['Peluche'],玩具
"['en', 'nylon']",尼龙
"['Sac', 'à', 'dos']",双肩包
[],logo
[],印花
[],尼龙
['Sacàdosennylonimprimé'],双肩包
['imprimé'],印花
"['en', 'nylon']",尼龙
"['Sac', 'à', 'dos']",双肩包
['poule'],小鸡
['imprimé'],印花
"['en', 'coton']",棉质
"['Sac', 'à', 'dos']",双肩包
['mélangée'],混纺
[],嵌花
"['en', 'laine']",羊毛
[],Icon
[],条纹
['Écharpe'],围巾
[],印花
[],羊毛
"['de', 'laine', 'mélangée', 'imprimé']",混纺
"['en', 'maille']",针织
['Bonnet'],便帽
"['avec', 'patch']",贴片
"['en', 'maille']",针织
['Bonnet'],便帽
"['', 'peigne', 'à', 'rayures']",条纹
[],刷子
[],梳子
['Brosse'],套装
['brodé'],刺绣
"['avec', 'tigre']",老虎
"['en', 'nylon']",尼龙
"['Sac', 'à', 'dos']",双肩包
['technique'],科技
[],织物
"['en', 'nylon']",尼龙
"['de', 'ski']",滑雪
['Gants'],手套
[],印花
[],再生
"['recyclé', 'imprimé']",织物
"['en', 'tissu', 'technique']",科技
"['à', 'dos']",双肩包
['Sac'],足球
['imprimé'],印花
"['en', 'coton', 'biologique']",有机棉
['Bonnet'],便帽
[],图案
"['en', 'laine', 'à', 'motif']",羊毛
['Bonnet'],帽子
['brodé'],刺绣
[],再生
"['en', 'en', 'nylon', 'recyclé']",尼龙
['Casquette'],棒球帽
[],尼龙
"['en', 'nylon']",羽绒
['bébé'],婴儿
"['Sac', 'de', 'couchage']",睡袋
[],亮面
['à'],蓬松
"['en', 'nylon']",尼龙
"['à', 'langer']",妈咪
['Sac'],包
['IMPRIMÉ'],印花
['LAINE'],羊毛
"['EN', 'SOIE', 'ET']",真丝
[],amp
['PAPILLON'],领结
[],&
['NOEUD'],;
[],有机棉
"['en', 'coton', 'biologique']",更换
"['', 'matelas', 'à', 'langer']",垫
[],妈咪
['Sac'],包
[],再生
[],尼龙
['recyclé'],妈咪
"['en', 'nylon']",更换
"['', 'matelas', 'à', 'langer']",垫
['Sac'],包
[],橡胶
"['mélangée', 'à', '', 'caoutchouté']",混纺
"['en', 'laine']",羊毛
[],处理
['Bonnet'],便帽
[],橡胶
"['mélangée', 'à', '', 'caoutchouté']",混纺
"['en', 'laine']",羊毛
[],处理
['Bonnet'],便帽
[],Logo
[],刺绣
"['mélangée', 'brodée', 'Icon']",混纺
"['en', 'laine']",羊毛
['Bonnet'],便帽
[],Logo
[],刺绣
"['mélangée', 'brodée', 'Icon']",混纺
"['en', 'laine']",羊毛
['Bonnet'],便帽
[],再生
[],尼龙
['recyclé'],妈咪
"['en', 'nylon']",更换
"['', 'matelas', 'à', 'langer']",垫
['Sac'],包
[],印花
[],帆布
['Sacàdosentoileimprimé'],双肩包
"['avec', 'sweat-shirt']",卫衣
"['en', 'peluche']",泰迪熊
['Ours'],玩具
[],棉质
"['en', 'gabardine', 'de', 'coton']",华达呢
['Casquette'],棒球帽
[],印花
[],帆布
['Sacàdosentoileimprimé'],双肩包
['imprimée'],印花
"['en', 'toile']",帆布
"['Sac', 'à', 'dos']",双肩包
"['en', 'nylon']",尼龙
['Casquette'],棒球帽
"['en', 'nylon']",尼龙
['Casquette'],棒球帽
['imprimé'],印花
"['en', 'nylon']",尼龙
"['Sac', 'à', 'dos']",双肩包
['imprimée'],印花
"['en', 'toile']",帆布
"['Sac', 'à', 'dos']",双肩包
['imprimé'],印花
"['en', 'toile']",帆布
"['Sac', 'à', 'dos']",双肩包
['imprimé'],印花
"['en', 'coton']",棉质
['Casquette'],棒球帽
[],绒球
"['avec', 'pompon']",装饰
[],羊毛
"['en', 'laine', 'peluche']",拉绒
['Bonnet'],便帽
"['avec', 'patch']",贴片
"['en', 'toile', 'en', 'nylon']",尼龙
"['Sac', 'à', 'dos']",双肩包
[],刺绣
[],羊毛
[],混纺
"['en', 'maille', 'de', 'laine', 'mélangée', 'brodée']",针织
['Couverture'],毯子
['imprimé'],印花
['biologique'],有机棉
[],围嘴
"['de', '', 'bavoirs', 'en', 'coton']",套装
['Lot'],个
['imprimé'],印花
"['en', 'coton']",棉质
"['Sac', 'de', 'couchage']",睡袋
['imprimé'],印花
"['en', 'nylon']",尼龙
"['Sac', 'à', 'dos']",双肩包
['imprimé'],印花
[],棉质
"['en', 'gabardine', 'de', 'coton']",华达呢
['Casquette'],棒球帽
[],橡胶
"['en', 'nylon', 'à', '', 'caoutchouté']",尼龙
"['à', 'dos']",双肩包
['Sac'],处理
[],狐狸
"['imprimé', 'renard']",印花
['recyclé'],再生
"['en', 'nylon']",尼龙
"['Sac', 'à', 'dos']",双肩包
"['à', '', 'avec', 'franges']",流苏
['intarsia'],嵌花
"['en', 'laine']",羊毛
['Écharpe'],围巾
['ourson'],小熊
[],印花
"['en', 'nylon', 'imprimé']",渔夫帽
['Bob'],尼龙
['ourson'],小熊
[],印花
"['en', 'nylon', 'imprimé']",渔夫帽
['Bob'],尼龙
['bio'],有机棉
"['en', 'maille', 'de', 'laine', 'et', 'coton']",羊毛
[],婴儿
"['', 'chaussons']",袜
['Bonnet'],帽子
"['et', 'brodé']",刺绣
[],amp
['imprimé'],印花
"['en', 'coton']",棉质
[],&
[],;
['Robe'],毯子
['imprimée'],印花
"['en', 'toile']",帆布
"['Sac', 'à', 'dos']",双肩包
['mouton'],羊毛绒
"['à', 'dos']",双肩包
['Sac'],小
['imprimé'],印花
[],再生
"['à', 'dos', 'en', 'nylon', 'recyclé']",双肩包
['Sac'],尼龙
['imprimé'],印花
[],再生
"['à', 'dos', 'en', 'nylon', 'recyclé']",双肩包
['Sac'],尼龙
[],人造
"['en', 'faux', 'shearling']",剪羊毛
['Bob'],渔夫帽
[],棉质
"['en', 'gabardine', 'de', 'coton']",华达呢
[],贴片
['Casquette'],棒球帽
['imprimée'],印花
"['en', 'toile']",帆布
"['Sac', 'à', 'dos']",双肩包
"['en', 'nylon']",尼龙
"['à', 'dos']",双肩包
['Sac'],狐狸
['Aristochats'],Aristocats
['imprimé'],印花
"['en', 'coton']",棉质
['Couverture'],毯子
['DÉTAILS'],细节
[],织带
"['ÉLASTIQUE', 'AVEC']",松紧
['CEINTURE'],腰带
[],棉
[],帆布
[],司机
"['CASQUETTEENTOILEDECOTON""""']",帽
[],贴片
"['EN', 'NYLON']",尼龙
"['SAC', 'À', 'DOS']",双肩包
[],贴片
"['EN', 'NYLON']",尼龙
"['SAC', 'À', 'DOS']",双肩包
"['à', 'carreaux']",格纹
"['en', 'nylon']",尼龙
"['à', 'langer']",妈咪
['Sac'],包
"['en', 'coton']",棉质
['Casquette'],棒球帽
[],棉质
"['en', 'gabardine', 'de', 'coton']",华达呢
['Casquette'],棒球帽
[],棉质
"['en', 'gabardine', 'de', 'coton']",华达呢
['Casquette'],棒球帽
['DÉTAILS'],细节
[],织带
"['ÉLASTIQUE', 'AVEC']",松紧
['CEINTURE'],腰带
"['en', 'peluche', 'avec', 'sweat-shirt']",卫衣
['Ours'],泰迪熊
[],刺绣
"['en', 'coton', 'à', '', 'brodé']",纯棉
['Casquette'],棒球帽
[],刺绣
"['en', 'coton', 'à', '', 'brodé']",纯棉
['Casquette'],棒球帽
[],刺绣
"['en', 'coton', 'à', '', 'brodé']",纯棉
['Casquette'],棒球帽
[],刺绣
"['en', 'coton', 'à', '', 'brodé']",纯棉
['Casquette'],棒球帽
[],刺绣
"['en', 'coton', 'à', '', 'brodé']",纯棉
['Casquette'],棒球帽
[],印花
['CEINTUREIMPRIMÉ'],腰带
[],棉质
"['en', 'gabardine', 'de', 'coton']",华达呢
['Casquette'],棒球帽
[],棉质
"['en', 'gabardine', 'de', 'coton']",华达呢
['Casquette'],棒球帽
[],图案
"['en', 'laine', 'à', 'motif']",羊毛
['Bonnet'],帽子
"['à', '', 'brodé']",刺绣
"['en', 'coton']",棉质
['Casquette'],棒球帽
"['à', '', 'brodé']",刺绣
"['en', 'coton']",棉质
['Casquette'],棒球帽
[],印花
"['à', 'imprimé']",棉
"['et', 'coton']",真丝
[],周身
"['en', 'soie']",amp
[],&
[],;
['Foulard'],围巾
[],棉质
"['en', 'gabardine', 'de', 'coton']",华达呢
[],羽翼
[],印花
['Casquette'],棒球帽
[],羊绒
"['en', 'cachemire']",针织
[],、
"['', 'chaussettes']",袜子
[],帽子
"['Bonnet,', 'bavoir']",围嘴
['Casquette'],棒球帽
['Casquette'],棒球帽
[],周身
"['en', 'jacquard']",提花
['Bonnet'],帽子
['imprimé'],印花
"['en', 'nylon']",尼龙
"['Sac', 'à', 'dos']",双肩包
['matelassé'],绗缝
"['en', 'nylon']",尼龙
"['Sac', 'à', 'dos']",双肩包
[],换尿布
[],垫
"['PORTE', 'BIBERON']",奶瓶
"['À', 'LANGER', 'ET']",、
['MATELAS'],amp
"['EN', 'NYLON,']",尼龙
[],妈咪
[],包
[],&
[],;
['SAC'],套
[],换尿布
[],垫
"['PORTE', 'BIBERON']",奶瓶
"['À', 'LANGER', 'ET']",、
['MATELAS'],amp
"['EN', 'NYLON,']",尼龙
[],妈咪
[],包
[],&
[],;
['SAC'],套
[],Toy
[],棉质
[],妈咪
[],包
[],更换
['Sacmatelasàlangerencotonà'],垫
"['et', 'cachemire']",羊绒
[],羊毛
['soie'],真丝
[],，
"['en', 'laine,']",amp
[],&
[],;
['Couverture'],毯子
[],帆布
['Sacàdosentoile'],双肩包
['coton'],棉质
[],经编
"['en', 'maille', 'de']",针织
"['', 'chaussettes']",袜子
['Bonnet'],帽子
"['AVEC', 'PATCH']",贴片
"['DE', 'COTON']",棉质
"['EN', 'GABARDINE']",华达呢
['CASQUETTE'],棒球帽
"['AVEC', 'PATCH']",贴片
"['DE', 'COTON']",棉质
"['EN', 'GABARDINE']",华达呢
['CASQUETTE'],棒球帽
"['AVEC', 'PATCH']",贴片
"['DE', 'COTON']",棉质
"['EN', 'GABARDINE']",华达呢
['CASQUETTE'],棒球帽
"['à', 'motif', 'GG']",G
[],互扣
"['en', 'coton']",棉质
[],式
['Couverture'],毯子
['Chapeau'],草帽
['matelassé'],棉质
[],绗缝
"['en', 'sergé', 'de', 'coton']",斜纹
['Gigoteuse'],睡袋
[],棉质
[],妈咪
[],包
[],更换
['Sacmatelasàlangerencotonà'],垫
['IMPRIMÉ'],印花
[],尼龙
"['BOB', 'EN', 'NYLON']",渔夫帽
[],棉质
"['de', 'coton']",针织
"['en', 'jersey']",平纹
['Couverture'],毯子
[],棉质
"['de', 'coton']",针织
"['en', 'jersey']",平纹
['Couverture'],毯子
['imprimé'],印花
"['en', 'coton']",棉质
['Bob'],渔夫帽
[],Toy
[],棉质
[],妈咪
[],包
[],更换
['Sacmatelasàlangerencotonà'],垫
"['en', 'toile']",帆布
"['Sac', 'à', 'dos']",双肩包
"['à', '', 'brodé']",刺绣
['Casquette'],棒球帽
"['DOUBLÉ', 'AVEC']",棉
[],刺绣
"['EN', 'JERSEY', 'DE', 'COTON']",针织
[],双面
[],平纹
['BONNET'],帽子
"['DOUBLÉ', 'AVEC']",棉
[],刺绣
"['EN', 'JERSEY', 'DE', 'COTON']",针织
[],双面
[],平纹
['BONNET'],帽子
[],棉质
"['en', 'gabardine', 'de', 'coton']",华达呢
['Casquette'],棒球帽
[],棉质
"['en', 'gabardine', 'de', 'coton']",华达呢
['Casquette'],棒球帽
[],格纹
['vichy'],更换
[],印花
[],棉质
"['', 'matelas', 'à', 'langer', 'en', 'coton', 'imprimé']",垫
[],妈咪
['Sac'],包
[],印花
[],棉质
[],针织
['imprimé'],帽子
"['', 'bonnets', 'en', 'jersey', 'de', 'coton']",套装
['de'],平纹
['Lot'],个
['Ceinture'],腰带
[],印花
"['de', 'coton', 'imprimé']",棉质
"['en', 'toile']",帆布
"['Sac', 'à', 'dos']",双肩包
"['en', 'coton']",棉质
[],更换
"['à', 'langer']",垫
"['', 'matelas']",尿布
[],妈咪
['Sac'],包
[],周身
['imprimé'],印花
"['en', 'coton']",棉质
['Foulard'],围巾
['lcon'],Icon
['imprimé'],印花
"['en', 'coton']",棉质
"['Sac', 'à', 'dos']",双肩包
"['en', 'coton']",棉质
['Bonnet'],便帽
"['un', 'clip']",夹子
[],奶瓶
[],、
[],奶嘴
"['tétine', 'et']",套装
['une'],个
"['', 'biberons,']",安抚
['de'],amp
[],&
['Lot'],;
[],周身
[],印花
"['en', 'simili-cuir']",仿皮
"['Sac', 'à', 'dos']",双肩包
[],羽翼
['imprimé'],印花
"['en', 'nylon']",尼龙
"['Sac', 'à', 'dos']",双肩包
['imprimé'],印花
[],真丝
"['en', 'soie', 'mélangée']",混纺
['Foulard'],围巾
"['en', 'coton']",棉质
['Bonnet'],便帽
[],迷彩
[],印花
"['Bob', 'à', 'imprimé', 'camouflage']",渔夫帽
[],棉质
['Casquetteencotonà'],棒球帽
[],棉质
['Casquetteencotonà'],棒球帽
['Ceinture'],腰带
[],Logo
[],条纹
[],经编
"['à', 'rayures']",针织
"['en', 'maille', 'de', 'coton']",棉质
['Couverture'],毯子
"['en', 'coton']",棉质
['Casquette'],棒球帽
['Cherry'],樱桃
"['en', 'coton']",棉质
['Couverture'],毯子
"['à', '', 'brodé']",刺绣
"['en', 'toile']",帆布
['Casquette'],棒球帽
[],布
"['en', 'denim', 'de', 'chambray']",渔夫帽
[],青年
['Bob'],牛仔
"['en', 'coton']",棉质
['Casquette'],棒球帽
[],有机棉
"['en', 'coton', 'biologique']",玩具
"['Mobile', 'véhicules']",Vehicles
['trucker'],司机
['Casquette'],帽
['trucker'],司机
['Casquette'],帽
[],格纹
"['en', 'coton', 'à', 'carreaux']",棉质
['Bob'],渔夫帽
[],尼龙
[],绗缝
['Sacdecouchageennylonmatelassé'],睡袋
"['en', 'coton', 'biologique']",有机棉
['Peluche'],毛绒玩具
"['en', 'peluche', 'avec', 'sweat-shirt']",卫衣
['Ours'],泰迪熊
"['en', 'coton']",棉质
['Casquette'],棒球帽
[],巴洛克
"['imprimés', 'Baroque']",印花
"['en', 'peluche', 'avec', 'détails']",细节
['Ours'],泰迪熊
[],Rounded
[],印花
[],尼龙
['Sacàdosennylonimprimé'],双肩包
"['en', 'coton']",棉质
['Casquette'],棒球帽
['à'],小熊
"['Sac', 'à', 'dos']",双肩包
"['en', 'coton']",棉质
"['de', 'plage']",沙滩
[],毛巾布
['Serviette'],巾
"['en', 'gabardine']",华达呢
[],箭头
['Casquette'],棒球帽
['souris'],小老鼠
['imprimé'],印花
"['en', 'coton']",棉质
['Bonnet'],便帽
"['en', 'coton', 'biologique']",有机棉
"[""d'éveil""]",Sea
['Tapis'],毯子
"['en', 'coton']",棉质
['Casquette'],棒球帽
[],条纹
"['en', 'coton', 'à', 'rayures']",棉质
[],Logo
['Serviette'],毛巾
['biologique'],有机棉
"['réversible', 'en', 'coton']",双面
['Bob'],渔夫帽
['gonflable'],充气
[],小熊
['Ours'],浮排
[],充气
['gonflable'],浮排
['Dinosaure'],恐龙
"['en', 'coton', 'biologique']",有机棉
['Casquette'],棒球帽
"['en', 'coton', 'biologique']",有机棉
['Casquette'],棒球帽
['biologique'],有机棉
"['en', 'coton']",玩具
"['Mobile', 'naturel']",Nature
[],Teddy
[],双面
[],棉质
['Couvertureréversibleencotonà'],毯子
[],迷彩
[],科技
['camouflage'],渔夫帽
"['en', 'tissu', 'technique', 'imprimé']",印花
['Bob'],织物
[],棉质
[],被罩
"['en', 'coton']",套装
"['Housses', 'de', 'couette', '', 'taies', ""d'oreiller""]",枕套
"['en', 'coton', 'bio']",有机棉
[],被罩
"['Housse', 'de', 'couette', '', 'taie', ""d'oreiller""]",枕套
"['à', '', 'embossé']",压纹
[],棉质
"['en', 'gabardine', 'de', 'coton']",华达呢
['Casquette'],帽子
"['à', '', 'embossé']",压纹
[],棉质
"['en', 'gabardine', 'de', 'coton']",华达呢
['Casquette'],帽子
['recyclé'],再生
[],造型
['technique'],科技
[],鳄鱼
"['en', 'tissu']",织物
"['Sac', 'à', 'dos']",双肩包
[],印花
[],再生
"['en', 'polyester', 'recyclé', 'à', 'imprimé']",聚酯
['Sac'],单肩包
[],压纹
"['en', 'mesh', 'à', '', 'embossé']",网眼
['Casquette'],棒球帽
"['en', 'coton']",棉质
['Bob'],渔夫帽
"['en', 'coton']",棉质
['Bob'],渔夫帽
"['en', 'gabardine']",华达呢
[],箭头
['Casquette'],棒球帽
[],有机棉
"['en', 'coton', 'biologique', 'mélangé']",混纺
['Casquette'],棒球帽
"['en', 'coton', 'biologique']",有机棉
"[""d'éveil""]",Nature
['Tapis'],毯子
[],印花
"['en', 'nylon', 'imprimé']",渔夫帽
['Bob'],尼龙
"['en', 'coton', 'biologique']",有机棉
['oie'],玩具
"['Mobile', 'musical']",发声
[],Dino
"['dinosaure', 'en', 'coton', 'biologique']",有机棉
['Mobile'],玩具
"['en', 'coton']",棉质
['Casquette'],棒球帽
[],双面
['réversible'],仿皮
['Ceinture'],腰带
[],造型
[],科技
['recyclé'],织物
"['en', 'tissu', 'technique']",再生
['banane'],鳄鱼
['Sac'],腰包
[],棉质
[],华达呢
['Bobengabardinedecotonà'],渔夫帽
"['en', 'coton', 'biologique']",有机棉
['Casquette'],棒球帽
[],棉质
[],被罩
"['en', 'coton']",套装
"['Housses', 'de', 'couette', '', 'taies', ""d'oreiller""]",枕套
[],鳄鱼
[],印花
"['en', 'coton', 'biologique', 'imprimé', 'crocodile']",有机棉
['Bob'],帽子
[],印花
['smiley'],有机棉
"['en', 'coton', 'biologique', 'imprimé']",笑脸
"['', 'bavoir']",围嘴
['Bonnet'],帽子
"['en', 'coton']",棉质
['Casquette'],棒球帽
"['en', 'coton', 'biologique']",有机棉
['Peluche'],毛绒玩具
[],尼龙
['Sacàdosennylon'],双肩包
['étoiles'],星星
['imprimé'],印花
"['en', 'coton', 'bio']",有机棉
"['', 'bavoir']",围嘴
['Bonnet'],帽子
"['EN', 'CUIR', 'AVEC']",皮革
['CEINTURE'],腰带
[],LOGO
[],仿皮
"['SACÀDOSENSIMILICUIR""""']",双肩包
['DÉTAILS'],细节
[],织带
"['ÉLASTIQUE', 'AVEC']",松紧
['CEINTURE'],腰带
"['en', 'laine', 'vierge']",剪羊毛
[],初
['Bonnet'],便帽
['jacquard'],提花
"['en', 'laine']",羊毛
['Bonnet'],帽子
[],羊毛
"['de', 'laine', 'mélangée']",混纺
"['en', 'maille']",针织
['Bonnet'],便帽
['ourson'],小熊
[],印花
['imprimé'],amp
"['et', 'soie']",真丝
"['en', 'coton']",棉
[],&
[],;
['Écharpe'],围巾
[],刺绣
"['en', 'laine', 'à', '', 'brodé']",羊毛
['Bonnet'],便帽
[],刺绣
"['en', 'laine', 'à', '', 'brodé']",羊毛
['Bonnet'],便帽
['nylon'],尼龙
"['en', 'fausse', 'fourrure', 'et']",人造皮草
[],amp
['aviateur'],飞行员
['style'],蓬松
[],&
[],;
['Chapeau'],帽子
['nylon'],尼龙
"['en', 'fausse', 'fourrure', 'et']",人造皮草
[],amp
['aviateur'],飞行员
['style'],蓬松
[],&
[],;
['Chapeau'],帽子
[],羊毛
"['EN', 'MAILLE', 'DE', 'LAINE', 'À']",针织
[],周身
['BONNET'],便帽
[],棉质
"['en', 'gabardine', 'de', 'coton']",华达呢
['Casquette'],棒球帽
"['en', 'nylon']",尼龙
"['à', 'langer']",妈咪
['Sac'],包
[],羊毛
"['de', 'laine', 'mélangée']",混纺
"['en', 'maille']",针织
['Bonnet'],便帽
"['pour', 'bébé']",Shark
"['en', 'coton']",棉质
['requin'],婴儿
"['Sac', 'de', 'couchage']",睡袋
"['de', 'laine']",羊毛
"['en', 'maille']",针织
"['', 'écharpe']",围巾
['Bonnet'],便帽
"['pour', 'bébé']",Shark
"['en', 'coton']",棉质
['requin'],婴儿
"['Sac', 'de', 'couchage']",睡袋
"['avec', 'patch']",贴片
"['de', 'laine']",羊毛
"['en', 'maille']",针织
['Bonnet'],帽子
"['à', '', 'brodé']",刺绣
"['en', 'coton']",棉质
['Bonnet'],便帽
[],有机棉
"['en', 'coton', 'biologique']",套装
['lit'],国王
[],印花
"['Parure', 'de']",被罩
[],刺绣
['brodée'],混纺
"['en', 'laine', 'mélangée']",羊毛
['Bonnet'],便帽
['brodé'],刺绣
"['en', 'jersey', 'de', 'coton']",织棉
[],小
['Couverture'],毯子
[],初
"['de', 'laine', 'vierge']",剪羊毛
"['en', 'maille']",针织
[],嵌花
['Bonnet'],便帽
"['pour', 'bébé']",Shark
"['en', 'coton']",棉质
['requin'],婴儿
"['Sac', 'de', 'couchage']",睡袋
"['de', 'cachemire']",羊绒
"['en', 'maille']",针织
['Bonnet'],便帽
[],Mouse
[],棉质
"['souris', 'en', 'coton']",新生儿
"['Sac', 'de', 'couchage']",睡袋
['intarsia'],嵌花
"['de', 'laine']",羊毛
"['en', 'maille']",针织
['Écharpe'],围巾
"['pour', 'bébé']",Shark
"['en', 'coton']",棉质
['requin'],婴儿
"['Sac', 'de', 'couchage']",睡袋
[],Shark
"['en', 'coton']",棉质
['requin'],新生儿
"['Sac', 'de', 'couchage']",睡袋
"['avec', 'pompon']",绒球
[],初
"['de', 'laine', 'vierge']",剪羊毛
[],装饰
"['en', 'maille']",针织
['Bonnet'],便帽
[],羊毛
"['en', 'laine', 'mélangée']",混纺
['Bonnet'],便帽
[],嵌花
"['de', 'laine', 'intarsia']",羊毛
"['en', 'maille']",针织
['Bonnet'],帽子
['mélangée'],混纺
"['de', 'laine']",羊毛
"['en', 'maille']",针织
['Écharpe'],围巾
"['avec', 'patch']",贴片
"['en', 'fausse', 'fourrure']",人造皮草
['Casquette'],棒球帽
[],Shark
"['en', 'coton']",棉质
['requin'],新生儿
"['Sac', 'de', 'couchage']",睡袋
"['à', '', 'brodé']",刺绣
"['en', 'coton']",棉质
['Bonnet'],便帽
[],Shark
"['en', 'coton']",棉质
['requin'],新生儿
"['Sac', 'de', 'couchage']",睡袋
"['en', 'coton', 'biologique']",有机棉
[],医生
['lit'],套装
[],印花
"['Parure', 'de']",被罩
"['en', 'laine']",羊毛
['Couverture'],毯子
[],贴片
"['à', 'patch']",剪羊毛
"['de', 'laine', 'vierge']",初
['nervurée'],罗纹
"['en', 'maille']",针织
[],Logo
['Bonnet'],便帽
[],LOGO
['JACQUARD'],提花
"['EN', 'LAINE']",羊毛
['BONNET'],帽子
"['pour', 'bébé']",Shark
"['en', 'coton']",棉质
['requin'],婴儿
"['Sac', 'de', 'couchage']",睡袋
"['de', 'cachemire']",羊绒
"['en', 'maille']",针织
['Bonnet'],便帽
[],棉质
"['en', 'gabardine', 'de', 'coton']",华达呢
['Casquette'],棒球帽
"['en', 'coton', 'biologique']",有机棉
[],动物
[],印花
['Couverture'],毯子
[],嵌花
['Écharpe'],围巾
['imprimé'],印花
[],棉质
"['de', 'coton']",针织
"['en', 'jersey']",平纹
['Couverture'],毯子
"['en', 'coton']",棉质
['requin'],Shark
"['Sac', 'à', 'dos']",双肩包
"['en', 'coton']",棉质
['requin'],Shark
"['Sac', 'à', 'dos']",双肩包
"['en', 'coton']",棉质
['requin'],Shark
"['Sac', 'à', 'dos']",双肩包
"['en', 'coton']",棉质
['requin'],Shark
"['Sac', 'à', 'dos']",双肩包
"['en', 'cuir']",皮革
['Ceinture'],腰带
[],提花
[],羊毛
"['de', 'laine', 'mélangée', 'jacquard']",混纺
"['en', 'maille']",针织
['Bonnet'],便帽
['Rabbit'],兔子
['biologique'],有机棉
"['en', 'coton']",浴袍
['Peignoir'],造型
"['de', 'protection', 'stretch']",弹力
['Masque'],口罩
[],贴片
[],棉质
"['EN', 'MAILLE', 'DE', 'COTON']",针织
['BONNET'],便帽
[],初
"['de', 'laine', 'vierge']",剪羊毛
"['en', 'maille']",针织
['Bonnet'],便帽
"['pour', 'bébé']",Shark
"['en', 'coton']",棉质
['requin'],婴儿
"['Sac', 'de', 'couchage']",睡袋
['brodé'],刺绣
"['en', 'coton']",棉质
['Bonnet'],便帽
['brodé'],刺绣
"['en', 'coton']",棉质
['Bonnet'],便帽
[],鲸鱼
['biologique'],有机棉
"['en', 'coton']",浴袍
['Peignoir'],造型
['recyclée'],再生
"['en', 'maille']",针织
['Bonnet'],便帽
"['DE', 'COTON']",棉质
"['EN', 'GABARDINE']",华达呢
['CASQUETTE'],棒球帽
"['DE', 'COTON']",棉质
"['EN', 'GABARDINE']",华达呢
['CASQUETTE'],棒球帽
"['AVEC', '', 'ESTAMPÉ']",棒球帽
['CASQUETTE'],刺绣
"['DE', 'COTON']",棉质
"['EN', 'GABARDINE']",华达呢
['CASQUETTE'],棒球帽
"['DE', 'COTON']",棉质
[],经编
[],针织
"['COUVERTURE', 'EN', 'MAILLE']",毯子
