imprimé,印花
en coton,棉质
couverture,毯子
en jersey de coton rembourré,针织
couverture,毯子
imprimé,印花
en coton,棉质
bob,渔夫帽
en velours imprimé,天鹅绒
chouchou,发圈
de laine,羊毛
en maille,针织
écharpe,围巾
mélangée,混纺
en laine,羊毛
écharpe,围巾
de laine,羊毛
en maille,针织
écharpe,围巾
franges,流苏
intarsia à carreaux,嵌花
en cachemire,羊绒
écharpe,围巾
à carreaux,格纹
en nylon,尼龙
sac à dos,双肩包
de coton à carreaux,棉质
en toile,帆布
sac à dos,双肩包
avec patch,印花
en fausse fourrure,人造皮草
sac à dos,双肩包
à rayures,条纹
en coton,棉质
bonnet,帽子
intarsia,嵌花
en laine mélangée,混纺
bonnet,便帽
imprimé,印花
en coton biologique,有机棉
bonnet,便帽
avec patch,贴片
en coton mélangé,混棉
bonnet,便帽
à  brodé,刺绣
en coton,棉质
casquette,棒球帽
imprimé,印花
en coton,棉质
serre-tête,发夹
avec log,顶部
à carreaux,格纹
tressé,编织
sac à main,手提包
mélangée,混纺
en soie,真丝
porté épaule,单肩包
sac,心形
en simili-cuir à carreaux,仿皮
porté épaule,单肩包
sac,Logo
en maille,针织
bonnet,便帽
à rayures,手拿
pochette,包
à patch,贴片
en coton,棉质
bob,渔夫帽
cabas en paille,托特
sac,包
à,小熊
sac à dos,双肩包
en simili-cuir,仿皮
sac porté épaule,单肩包
recyclé,再生
mélangé,混合
en polyéthylène,聚乙烯
lunettes de soleil,太阳镜
laine,羊毛
en cachemire et,amp
casquette,棒球帽
en coton,棉质
bonnet,便帽
couvertureennylonmatelassée,毯子
embelli,装饰
tissé,编织
technique,织物
en tissu,手拿
pochette,包
imprimé,印花
en coton,棉质
couverture,毯子
en polycarbonate,聚碳酸酯
lunettes de soleil,太阳镜
imprimé,印花
en coton,棉质
serre-tête,发夹
à paillettes,亮粉
lunettes de soleil,太阳镜
iiprimé,印花
recyclé,再生
banane en nylon,尼龙
sac,腰包
en simili-cuir imprimé,仿皮
sac à main,手提包
en perles,珠饰
serre-tête,发夹
baroque,印花
en coton imprimé,棉质
serviette,毛巾
en polycarbonate,聚碳酸酯
de soleil,太阳镜
lunettes,Fish
jacquard,提花
en coton,发
bandeau,带
en forme de cœur,心形
lunettes de soleil,太阳镜
technique,科技
en tissu,织物
bag,托特
tote,包
imprimé,双面
interlock,布
en coton,棉质
couverture,毯子
gg,G
mélangé,混纺
à dos en lin,亚麻
sac,双肩包
imprimé,印花
en coton mélangé,包
tote bag,托特
coton,针织
en jersey de,发
bandeau,带
chapeau,草帽
à imprimé,棉
et coton,真丝
en soie,amp
foulard,围巾
avec cœurs,发夹
en satin,薄纱
serre-tête,绸缎
en cachemire,羊绒
couverture,毯子
imprimé baroque,印花
mélangé,混纺
en modal,莫代尔
foulard,围巾
en gabardine de coton,华达呢
casquette,棒球帽
coton,针织
en jersey de,发
bandeau,带
en soie à rayures,真丝
chouchou,发圈
marguerite,雏菊
pailletée,亮粉
à monture,镜框
lunettes de soleil,太阳镜
banane en simili-cuir imprimé,仿皮
sac,腰包
imprimé,印花
bob en nylon,渔夫帽
technique,科技
en nylon,尼龙
de ski,滑雪
gants,手套
en coton,棉质
porté épaule,单肩包
sac,周身
en gabardine de coton,华达呢
casquette,棒球帽
medusa,美杜莎
porte-clés,钥匙链
technique tissé à rayures,编织
en tissu,手拿
pochette,包
matelassé,绗缝
de coton,棉质
en sergé,斜纹
sac de couchage,睡袋
à carreaux,格纹
en nylon,尼龙
à langer,妈咪
sac,包
laine,羊毛
en cachemire et,amp
casquette,棒球帽
medusa,美杜莎
porte-clés,钥匙链
à motif gg,G
en coton,棉质
couverture,毯子
bio,有机棉
"doreiller"" en coton",amp
de couette taie,抱枕
housse,;
avec pompon,绒球
de laine vierge,剪羊毛
en maille,针织
bonnet,便帽
plaidenlainemélangéeà,毯子
avec pompon,绒球
de laine vierge,剪羊毛
en maille,针织
bonnet,便帽
ceinture,腰带
en gabardine de coton,华达呢
casquette,棒球帽
en laine,羊毛
écharpe,围巾
en peluche avec sweat-shirt,卫衣
ours,泰迪熊
de laine mélangée,混纺
en maille,针织
bonnet,便帽
en coton à carreaux,棉质
chouchou,发圈
imprimé,印花
en coton mélangé,包
tote bag,托特
à langer,更换
matelas,垫
sac,;
ceinture,腰带
imprimé,印花
de coton,发夹
en jersey,平纹
serre-tête,针织
en simili-cuir,仿皮
sac porté épaule,单肩包
avec boucle,搭扣
en cuir,皮革
ceinture,腰带
en simili-cuir,棉质
bob,渔夫帽
ourson,小熊
imprimé,amp
et soie,真丝
en coton,棉
écharpe,围巾
détails,细节
élastique avec,松紧
ceinture,腰带
torsadée de laine vierge,剪羊毛
en maille,针织
bonnet,便帽
en polycarbonate,聚碳酸酯
rondes,圆形
lunettes de soleil,太阳镜
en cuir avec,皮革
ceinture,腰带
à carreaux,美利奴
en laine mérinos,羊毛
en peluche,玩具
ours,小熊
à capuche,羽绒
en nylon,尼龙
de couchage,睡袋
sac,Logo
en cuir avec,皮革
ceinture,腰带
torsadée de laine vierge,剪羊毛
en maille,针织
bonnet,便帽
imprimé étoiles,印花
en coton bio,有机棉
bavoir,围嘴
bonnet,;
imprimé,印花
en coton,发
serre-tête,带
en coton à  brodé,纯棉
casquette,棒球帽
imprimé,印花
en coton,发
serre-tête,带
bobencotonmélangéà,渔夫帽
torsadée de laine vierge,剪羊毛
en maille,针织
bonnet,便帽
torsadée de laine vierge,剪羊毛
en maille,针织
bonnet,便帽
en coton mélangé à carreaux,渔夫帽
bob,混棉
en nylon,尼龙
à langer,妈咪
sac,包
nylon à,妈咪
à langer,更换
matelas,垫
sac,;
avec boucle,搭扣
en cuir,皮革
ceinture,腰带
avec  baroque,巴洛克
en simili-cuir,仿皮
ceinture,腰带
avec  baroque,巴洛克
en simili-cuir,仿皮
ceinture,腰带
en cuir verni,漆皮
sac porté épaule,单肩包
en cuir verni,漆皮
sac porté épaule,单肩包
en cuir verni,漆皮
sac porté épaule,单肩包
sacàmainimprimé,手提包
medusa,美杜莎
porte-clés,钥匙链
medusa,美杜莎
porte-clés,钥匙链
medusa,美杜莎
porte-clés,钥匙链
medusa,美杜莎
porte-clés,钥匙链
à carreaux,格纹
en coton mélangé,混棉
serre-tête,发夹
en cuir,皮革
sac porté épaule,单肩包
en cuir,皮革
sac porté épaule,单肩包
laine,羊毛
torsadée de,扭绳
en maille,针织
foulard,围巾
en coton imprimé ourson,妈咪
à langer,更换
matelas,垫
sac,;
en coton imprimé,棉质
à langer,更换
matelas,垫
sac,;
en mousseline,连衣裙
poupée avec robe,娃娃
en dentelle,连衣裙
poupée avec robe,娃娃
à sequins,连衣裙
poupée avec robe,娃娃
avec robe,娃娃
poupée,欧根
en jacquard,提花
bandeau,帽子
écharpeenlainemélangéeà,围巾
technique,科技
en tissu,织物
bag,托特
tote,包
de laine,混纺
en maille,amp
chaussettes,袜子
serre-tête,;
de laine,混纺
en maille,amp
chaussettes,袜子
serre-tête,;
de laine,混纺
en maille,amp
chaussettes,袜子
serre-tête,;
de laine,混纺
en maille,amp
chaussettes,袜子
serre-tête,;
en velours,蓬松
"tapis ""déveil",垫
gg,G
jacquard,提花
en coton,棉质
messenger,邮差
sac,包
sacmessengerentoile,包
à carreaux,格纹
enduit,涂层
en coton,棉质
bavoir,围嘴
en maille de laine à rayures,针织
gants,手套
en coton imprimé,棉质
à langer,更换
matelas,垫
sac,;
écharpeenlainemélangéeà,围巾
gg,G
banane en coton jacquard,提花
sac,腰包
en velours,蓬松
"tapis ""déveil",垫
en simili-cuir,仿皮
à langer,更换
matelas,垫
sac,;
technique,羽绒
et polaire,amp
en popeline,府绸
couverture,毯子
imprimé,平纹
en jersey,针织
bonnet,帽子
lit en coton biologique,套装
parure de,被罩
en velours,蓬松
"tapis ""déveil",垫
de laine mélangée,袜子
chaussettes en maille,amp
bandeau,;
de laine mélangée,袜子
chaussettes en maille,amp
bandeau,;
unicorn,独角兽
lit en coton biologique,套装
parure de,被罩
ballerina,芭蕾舞者
lit en coton biologique,套装
parure de,被罩
mermaid,美人鱼
lit en coton biologique,套装
parure de,被罩
de laine jacquard,提花
en maille,针织
bonnet,便帽
en maille,针织
bonnet,便帽
de coton,棉质
en maille,针织
bonnet,便帽
princess,公主
lit en coton biologique,套装
parure de,被罩
ceinture,腰带
à  brodé,刺绣
en coton,浴袍
peignoir,系
de coton avec noeuds,发带
maille,amp
chaussons en,袜子
bandeau,;
de coton avec noeuds,发带
maille,amp
chaussons en,袜子
bandeau,;
couverture à rayures,毯子
ceinture,腰带
imprimé,印花
en nylon,尼龙
sac à dos,双肩包
astronaut,宇航员
lit en coton biologique,套装
parure de,被罩
lit en coton biologique,套装
parure de,被罩
bio,有机棉
de laine et coton,羊毛
en maille,针织
bonnet,帽子
bio,有机棉
de laine et coton,羊毛
en maille,针织
bonnet,帽子
en simili-cuir,仿皮
à langer,尿布
matelas,垫
sac,;
en polaire technique imprimée,拉绒
sac de couchage,睡袋
à langer en toile de coton,更换
matelas,垫
pochette,小袋
sac,;
et laine,羊毛
de coton,棉
en maille,针织
bonnet,便帽
et laine,羊毛
de coton,棉
en maille,针织
bonnet,便帽
ceinture,腰带
ours,小熊
à motif embossé,压纹
en cachemire,羊绒
couverture,毯子
fausses perles,珍珠
avec,发带
chaussons en maille,amp
bandeau,袜子
fausses perles,珍珠
avec,发带
chaussons en maille,amp
bandeau,袜子
en coton éponge,棉质
serviette,毛巾
en coton et cachemire,羊绒
bonnet,便帽
matelassé,绗缝
de coton,棉质
en sergé,斜纹
sac de couchage,睡袋
en molleton de coton imprimé,棉质
bonnet,帽子
en molleton de coton imprimé,棉质
bonnet,帽子
en molleton de coton imprimé,棉质
bonnet,帽子
mobile musical,玩具
en laine mélangée à  brodé,混纺
bonnet,便帽
en laine mélangée à  brodé,混纺
bonnet,便帽
en laine mélangée à  brodé,混纺
bonnet,便帽
panda,熊猫
lit en coton biologique,套装
parure de,被罩
lit en coton biologique,套装
parure de,被罩
lit en coton biologique orangutan,套装
parure de,被罩
surf,冲浪
lit en coton biologique,套装
parure de,被罩
pouf hérisson,沙发
imprimée,amp
technique,织物
en polaire,拉绒
chaussons,包脚
bonnet,;
de laine et cachemire,羊毛
en maille,针织
bonnet,帽子
de laine côtelée avec patch,羊毛
en maille,针织
bonnet,便帽
en laine,羊毛
écharpe,围巾
en cachemire,羊绒
casquette,棒球帽
imprimé,印花
en nylon,尼龙
sac à dos,双肩包
de coton,棉质
en gabardine,渔夫帽
bob,华达呢
serre-tête,发夹
en coton biologique,套装
lit,小矮人
parure de,被罩
singer,歌手
lit en coton biologique,套装
parure de,被罩
en coton biologique queen,套装
lit,王后
parure de,被罩
biologique,套装
lit en coton,仙女
parure de,被罩
de coton mélangé,混棉
en maille,针织
bonnet,便帽
en maille,羊毛
bonnet,帽子
brodée,刺绣
en maille,针织
bonnet,便帽
en gabardine de coton,华达呢
casquette,棒球帽
de laine,羊毛
en maille,针织
bonnet,便帽
origami,折纸
lit en coton biologique,套装
parure de,被罩
palms,棕榈树
lit en coton biologique,套装
parure de,被罩
imprimé,针织
en jersey de coton,棉质
bonnet,帽子
coton,针织
en jersey de,发
bandeau,带
coton,针织
en jersey de,发
bandeau,带
avec oreilles,耳朵
de laine,羊毛
en maille,针织
bonnet,帽子
en peluche douce,毛绒玩具
mouton,绵羊
douce,柔软
en peluche,毛绒玩具
chien,小狗
béret,贝雷帽
imprimé,印花
en coton,棉质
couverture,毯子
synthétique avec patch,贴片
banane en fourrure,人造皮草
sac,腰包
et teddy,amp
en gabardine de coton,华达呢
casquette,棒球帽
à carreaux,格纹
en gabardine de coton,华达呢
casquette,棒球帽
en gabardine de coton,华达呢
casquette,棒球帽
douce,柔软
en peluche,毛绒玩具
lapin,兔子
en coton biologique imprimé pommes,有机棉
bob,渔夫帽
avec appliqué,发夹
à imprimé roses,印花
serre-tête,装饰
verni,漆皮
en simili-cuir,人造
panier,包
en coton biologique teddy bear,套装
lit,床单
parure de,印花
animals,动物
en coton biologique,套装
lit,床单
parure de,印花
animals,动物
en coton biologique,套装
lit,床单
parure de,印花
avec boucle,搭扣
en cuir verni,漆皮
ceinture,腰带
avec fleurs appliquées,花朵
serre-tête,发夹
en laine mélangée,混纺
bonnet,便帽
de laine mélangée mérinos,毛混纺
en maille,针织
bonnet,便帽
en laine mélangée à  brodé,混纺
bonnet,便帽
en laine mélangée à  brodé,混纺
bonnet,便帽
imprimé,印花
en nylon,尼龙
sac à dos,双肩包
imprimé léopard,印花
en nylon,尼龙
sac à dos,双肩包
peluche,柔软
mouton,玩具
chien peluche,毛绒玩具
en coton doux,毛绒玩具
oie,白鹅
douce,柔软
en peluche,毛绒玩具
lapin,兔子
en peluche douce,毛绒玩具
ours,小熊
douce,柔软
en peluche,毛绒玩具
oie,白鹅
en interlock imprimé,双面
bonnet,便帽
de lapin,兔子
en fausse fourrure,人造皮草
sac porté épaule,单肩包
de lapin,兔子
en fausse fourrure,人造皮草
sac porté épaule,单肩包
chouchou à imprimé,发圈
choupette,Chooupette
de coton avec patch,棉质
en maille,针织
bonnet,便帽
 avec nœud,发夹
imprimé,印花
serre-tête,装饰
en interlock imprimé,布
couverture,毯子
de laine,羊毛
en maille,针织
écharpe,围巾
avec oreilles,耳朵
en fausse fourrure,人造皮草
sac à dos,双肩包
imprimé,印花
en coton,棉质
peignoir,浴袍
à  floqué,植绒
en maille,针织
bonnet,便帽
imprimé,印花
en coton,发
serre-tête,带
casquette,棒球帽
un clip,夹子
une tétine,奶嘴
2 biberons,套装
de,amp
lot,;
poule,小鸡
imprimé,印花
en coton,棉质
sac à dos,双肩包
couvertureenlainemélangéeà,毯子
et cachemire,羊绒
de coton,棉
en maille,针织
bonnet,便帽
avec patch,贴片
en coton mélangé,混棉
bonnet,便帽
avec détail,细节
élastique,弹力
ceinture,腰带
à rayures,套装
peigne,梳子
brosse,;
avec trousse,笔袋
brodé,刺绣
à dos,双肩包
sac,配
technique,科技
en nylon,尼龙
de ski,滑雪
gants,手套
recyclé imprimé,织物
en tissu technique,科技
à dos,双肩包
sac,足球
en simili-cuir à  embossé,压纹仿
sac,皮包
avec nœud,发夹
arc-en-ciel,彩虹
à strass,水钻
serre-tête,装饰
en laine à motif,羊毛
bonnet,帽子
brodé,刺绣
en en nylon recyclé,尼龙
casquette,棒球帽
en nylon,羽绒
bébé,婴儿
sac de couchage,睡袋
à,蓬松
en nylon,尼龙
à langer,妈咪
sac,包
avec patch,格纹
à carreaux,贴片
tissé,编织
sac à main,手提包
avec patch,格纹
à carreaux,贴片
tissé,编织
sac à main,手提包
avec patch,格纹
à carreaux,贴片
tissé,编织
sac à main,手提包
recyclé,再生
en nylon,尼龙
à langer,更换
matelas,垫
sac,;
mélangée à  caoutchouté,混纺
en laine,羊毛
bonnet,便帽
mélangée à  caoutchouté,混纺
en laine,羊毛
bonnet,便帽
mélangée à  caoutchouté,混纺
en laine,羊毛
bonnet,便帽
mélangée brodée icon,混纺
en laine,羊毛
bonnet,便帽
mélangée brodée icon,混纺
en laine,羊毛
bonnet,便帽
recyclé,再生
en nylon,尼龙
à langer,更换
matelas,垫
sac,;
en cuir verni,漆
sac,皮包
en gabardine de coton,华达呢
casquette,棒球帽
sacàdosentoileimprimé,双肩包
imprimée,印花
en toile,帆布
sac à dos,双肩包
avec sweat-shirt,卫衣
en peluche,泰迪熊
ours,玩具
en nylon,尼龙
casquette,棒球帽
en nylon,尼龙
casquette,棒球帽
imprimé,印花
en nylon,尼龙
sac à dos,双肩包
en acrylique mélangé brodé,混纺
bonnet,便帽
en acrylique mélangé brodé,混纺
bonnet,便帽
imprimée,印花
en toile,帆布
sac à dos,双肩包
avec bande,饰带
à dos en nylon recyclé,双肩包
sac,尼龙
à imprimé monogramme,印花
matelassé,绗缝
en nylon,尼龙
sac,包
en simili-cuir,仿皮
sac porté épaule,单肩包
imprimé,印花
en toile,帆布
sac à dos,双肩包
imprimé,印花
en coton,棉质
casquette,棒球帽
avec pompon,装饰
en laine peluche,拉绒
bonnet,便帽
avec patch,贴片
en toile en nylon,尼龙
sac à dos,双肩包
pailleté,亮粉
porté épaule,单肩包
sac,心形
à langer,更换
matelas,垫
sac,;
en maille de laine mélangée brodée,针织
couverture,毯子
"en forme ""dourson",泰迪熊
sac porté épaule,单肩包
imprimé,印花
biologique,有机棉
de  bavoirs en coton,套装
lot,个
avec chaîne,链条
en ,amp
de soleil,太阳镜
lunettes,;
imprimé,印花
en coton,棉质
sac de couchage,睡袋
biologique,有机棉
laine et coton,针织
en maille de,amp
couverture,毯子
imprimé,印花
en nylon,尼龙
sac à dos,双肩包
imprimé,印花
en gabardine de coton,华达呢
casquette,棒球帽
en nylon à  caoutchouté,尼龙
à dos,双肩包
sac,处理
en simili-cuir,仿皮
sac porté épaule,单肩包
imprimé renard,印花
recyclé,再生
en nylon,尼龙
sac à dos,双肩包
à  avec franges,流苏
intarsia,嵌花
en laine,羊毛
écharpe,围巾
ourson,小熊
en nylon imprimé,渔夫帽
bob,尼龙
ourson,小熊
en nylon imprimé,渔夫帽
bob,尼龙
de laine pompon en fourrure,羊毛
en maille,针织
bonnet,帽子
en simili-cuir,仿皮
pomme,苹果
sac porté épaule,单肩包
en chenille avec décorations,檐
à bord large,宽
chapeau,帽
étoile,星星
avec charm,吊坠
en fausse fourrure,人造皮草
sac à dos,双肩包
en maille de coton bio,针织
chaussettes,袜子
bonnet,;
et coton bio,羊毛
en maille de laine,婴儿
chaussons,袜
bonnet,;
et brodé,刺绣
imprimé,印花
en coton,棉质
robe,毯子
en fausse fourrure,人造皮草
bob,印花
seau en simili-cuir,仿皮
sac,包
et pompon,绒球
fleurs,装饰
avec patch,贴片
bonnet,便帽
mouton,羊毛绒
à dos,双肩包
sac,小
imprimé,印花
à dos en nylon recyclé,双肩包
sac,尼龙
en faux teddy,毛绒
bob,渔夫帽
imprimé,印花
à dos en nylon recyclé,双肩包
sac,尼龙
biologique,有机棉
laine et coton,针织
en maille de,amp
couverture,毯子
avec patch,贴片
à carreaux,格纹
seau tissé,水桶
sac,包
avec  bicolore,双色
à carreaux,格纹
tissé,编织
sac à main,手提包
en faux shearling,剪羊毛
bob,渔夫帽
imprimé,印花
en coton mélangé,混棉
sac à main,手提包
avec bande,饰带
à dos en nylon recyclé,双肩包
sac,尼龙
en gabardine de coton,华达呢
casquette,棒球帽
imprimée,印花
en toile,帆布
sac à dos,双肩包
en nylon,尼龙
sac à dos,双肩包
embelli,装饰
en velours,天鹅绒
serre-tête,发夹
seau en velours embelli,天鹅绒
sac,包
avec patch,印花
à dos en fausse fourrure,人造皮
sac,草包
détails,细节
élastique avec,松紧
ceinture,腰带
"casquetteentoiledecoton""""",帽
imprimé,印花
en coton mélangé,包
tote bag,托特
en coton,棉质
casquette,棒球帽
en gabardine de coton,华达呢
casquette,棒球帽
en gabardine de coton,华达呢
casquette,棒球帽
saccabas,包
à langer,更换
matelas,垫
sac,;
de coton,棉质
en maille,针织
bonnet,帽子
détails,细节
élastique avec,松紧
ceinture,腰带
en coton à  brodé,纯棉
casquette,棒球帽
en coton à  brodé,纯棉
casquette,棒球帽
en coton à  brodé,纯棉
casquette,棒球帽
en coton à  brodé,纯棉
casquette,棒球帽
ceintureimprimé,腰带
mélangé,混纺
technique,科技
en tissu,织物
sac porté épaule,单肩包
mélangé,混纺
technique,科技
en tissu,织物
sac porté épaule,单肩包
recyclé avec bande,织物
en tissu tech,科技
sac à dos,双肩包
en gabardine de coton,华达呢
casquette,棒球帽
seau en simili-cuir,仿皮
sac,包
en gabardine de coton,华达呢
casquette,棒球帽
en laine à motif,羊毛
bonnet,帽子
sacandmatelasàlangerencotonà,垫
à  brodé,刺绣
en coton,棉质
casquette,棒球帽
à  brodé,刺绣
en coton,棉质
casquette,棒球帽
et lycra,amp
en lurex,金银丝
bob,渔夫帽
et lycra,amp
en lurex,金银丝
bob,渔夫帽
banane en nylon,尼龙
sac,腰包
en cachemire,amp
chaussettes,袜子
bavoir,围嘴
bonnet,;
casquette,棒球帽
casquette,棒球帽
cabas en simili-cuir et nylon,尼龙
sac,包
en jacquard,提花
bonnet,帽子
en peluche avec sweat-shirt,卫衣
ours,泰迪熊
en paille,草编
sac à main,手提包
imprimé,印花
en nylon,尼龙
sac à dos,双肩包
matelassé,绗缝
en nylon,尼龙
sac à dos,双肩包
porte biberon,奶瓶
à langer et,、
matelas,amp
en nylon,尼龙
sac,套
porte biberon,奶瓶
à langer et,、
matelas,amp
en nylon,尼龙
sac,套
sacandmatelasàlangerencotonà,垫
à imprimé,印花
sac à main,手提包
marguerite,雏菊
pailletée,亮粉
à monture,镜框
lunettes de soleil,太阳镜
sacàdosentoile,双肩包
en maille de coton,针织
chaussettes,袜子
bonnet,;
en maille de coton,针织
chaussettes,袜子
bonnet,;
porte-monnaieensimili-cuir,钱包
en gabardine de coton,华达呢
casquette,棒球帽
stretch,弹力
technique,织物
en crochet de tissu,钩织
sac à main,手提包
à motif gg,G
en coton,棉质
couverture,毯子
matelassé,棉质
en sergé de coton,斜纹
gigoteuse,睡袋
imprimé,印花
bob en nylon,渔夫帽
recyclé avec bande,织物
en tissu tech,科技
sac à dos,双肩包
imprimé,印花
en coton,棉质
serre-tête,发夹
en toile,帆布
sac à dos,双肩包
de coton,棉质
en gabardine,渔夫帽
bob,华达呢
imprimé,印花
rayé,条纹
en coton,棉质
sac à main,手提包
en perles,珠饰
serre-tête,发夹
à  brodé,刺绣
casquette,棒球帽
en gabardine de coton,华达呢
casquette,棒球帽
doublé avec,棉
en jersey de coton,针织
bonnet,帽子
doublé avec,棉
en jersey de coton,针织
bonnet,帽子
en gabardine de coton,华达呢
casquette,棒球帽
en gabardine de coton,华达呢
casquette,棒球帽
imprimé,印花
en nylon,尼龙
sac à dos,双肩包
en cuir,皮革
sac,手提包
avec nœud,蝴蝶结
en coton,发夹
bandeau,装饰
avec nœud,蝴蝶结
en coton,发夹
bandeau,装饰
en tissu technique imprimé,织物
casquette,棒球帽
en tissu technique imprimé,织物
casquette,棒球帽
imprimé,网眼布
en piqué de coton,地
sac,单肩包
de coton imprimé,棉质
en toile,帆布
sac à dos,双肩包
à langer,更换
matelas,垫
sac,;
en coton imprimé pivoine,渔夫帽
bob,棉质
imprimé,印花
en coton,棉质
foulard,围巾
en coton ciré,渔夫帽
bob,棉质
lcon,Icon
imprimé,印花
en coton,棉质
sac à dos,双肩包
embelli,草帽
panama,巴拿马
en coton,棉质
bonnet,便帽
en viscose imprimée,渔夫帽
bob,粘胶纤维
imprimé,印花
en coton,棉质
bob,渔夫帽
en simili-cuir,仿皮
sac à dos,双肩包
en nylon,尼龙
bob,渔夫帽
en simili-cuir,仿皮
bretelle bandoulière,单肩包
en nylon,尼龙
bob,渔夫帽
et,amp
de coton,棉质
en gabardine,渔夫帽
bob,;
recyclé,织物
banane en tissu technique,再生
sac,腰包
à imprimé,印花
rayé,条纹
sac à main,手提包
en simili-cuir,仿皮
sac porté épaule,单肩包
 irisé,发
imprimé,印花
en coton,棉质
bandeau,带
roses,玫瑰
à imprimé,印花
de tulle,薄纱
chapeau,帽子
en coton,棉质
casquette,棒球帽
imprimé,印花
en soie mélangée,混纺
foulard,围巾
en polycarbonate,聚碳酸酯
lunettes de soleil,太阳镜
verni,漆皮
en simili-cuir,人造
sac porté épaule,单肩包
casquetteencotonà,棒球帽
casquetteencotonà,棒球帽
ceinture,腰带
color-block,撞色
en coton biologique,有机棉
bonnet,渔夫帽
à rayures,针织
en maille de coton,棉质
couverture,毯子
en coton,棉质
casquette,棒球帽
imprimé,印花
en gabardine de coton,华达呢
visière,遮阳帽
en denim de chambray,渔夫帽
bob,牛仔
en coton,棉质
casquette,棒球帽
enduit,涂层
en toile de coton,帆布
sac porté épaule,单肩包
recyclé,再生
mélangé,混合
en polyéthylène,聚乙烯
lunettes de soleil,太阳镜
trucker,司机
casquette,帽
trucker,司机
casquette,帽
brodé,刺绣
en toile de coton,帆布
sac porté épaule,单肩包
réversible en sergé de coton,斜纹
bob,渔夫帽
imprimé,帽子
 bonnets en jersey de coton,套装
de,平纹
lot,个
sacdecouchageennylonmatelassé,睡袋
sacdecouchageennylonmatelassé,睡袋
embelli,装饰
en coton,棉质
casquette,棒球帽
bandeau imprimé,带
en peluche avec sweat-shirt,卫衣
ours,泰迪熊
en coton,棉质
casquette,棒球帽
en coton,棉质
casquette,棒球帽
biologique mélangé,混纺
en coton,渔夫帽
bob,印花
imprimés baroque,印花
en peluche avec détails,细节
ours,泰迪熊
en simili-cuir à  embossé,仿皮
sac porté épaule,单肩包
en simili-cuir à  embossé,仿皮
sac porté épaule,单肩包
sacàdosennylonimprimé,双肩包
bandeau à imprimé,发夹
bandeau à imprimé,发夹
vichy,印花
en coton imprimé,棉质
à langer,更换
matelas,垫
sac,;
coton,针织
en jersey de,发
bandeau,带
en polycarbonate,聚碳酸酯
lunettes de soleil,太阳镜
en coton,棉质
casquette,棒球帽
en simili-cuir,仿皮
sac à dos,双肩包
technique,科技
en textile,织物
visière,遮阳帽
souris,小老鼠
imprimé,印花
en coton,棉质
bonnet,便帽
en coton biologique,有机棉
déveil,Sea
tapis,毯子
en popeline imprimé,府绸
chapeau,帽子
à imprimé,印花
rayé,条纹
sac à main,手提包
en coton,毯子
réversible,两面
couverture,用
 bunny,兔子
imprimé,印花
en coton,棉质
casquette,棒球帽
en coton à rayures,棉质
serviette,毛巾
biologique,有机棉
réversible en coton,双面
bob,渔夫帽
gonflable,充气
ours,浮排
bobencotonà,渔夫帽
bob,渔夫帽
biologique,有机棉
en coton,玩具
mobile naturel,Nature
couvertureréversibleencotonà,毯子
couvertureréversibleencotonà,毯子
"doreiller"" en coton",amp
de couette taies,套装
housses,;
bio,有机棉
"doreiller"" en coton",amp
de couette taie,枕套
housse,;
à  embossé,压纹
en gabardine de coton,华达呢
casquette,帽子
imprimé,印花
en nylon,尼龙
sac à dos,双肩包
à  embossé,压纹
en gabardine de coton,华达呢
casquette,帽子
en polyester recyclé à imprimé,聚酯
sac,单肩包
en mesh à  embossé,网眼
casquette,棒球帽
en polycarbonate,聚碳酸酯
lunettes de soleil,太阳镜
en coton,棉质
bob,渔夫帽
en coton,棉质
bob,渔夫帽
cherry,樱桃
en coton,棉质
couverture,毯子
en coton biologique mélangé,混纺
casquette,棒球帽
pailletée,闪粉
en toile,帆布
sac à dos,双肩包
en simili-cuir,仿皮
sac porté épaule,单肩包
en paille à  brodé,刺绣
chapeau,草帽
en paille à franges,草编
sac,包
en coton biologique,有机棉
déveil,Nature
tapis,毯子
en simili-cuir,仿皮
sac porté épaule,单肩包
en nylon imprimé,渔夫帽
bob,尼龙
éponge imprimé,印花
en coton,棉质
de bain,巾
serviette,毛巾布
en coton biologique,有机棉
oie,玩具
mobile musical,发声
éponge imprimé,印花
en coton,棉质
de bain,巾
serviette,毛巾布
en coton,棉质
bob,渔夫帽
en coton,棉质
casquette,棒球帽
réversible,仿皮
ceinture,腰带
en forme de cerise,形
lunettes de soleil,太阳镜
imprimé,印花
en toile,帆布
sac porté épaule,单肩包
en coton biologique imprimé crocodile,有机棉
bob,帽子
en coton biologique imprimé,有机棉
bavoir,围嘴
bonnet,;
en coton,棉质
casquette,棒球帽
en coton biologique,有机棉
peluche,毛绒玩具
en simili-cuir,仿皮
cœur,心形
sac porté épaule,单肩包
sacàdosennylon,双肩包
en cuir avec,皮革
ceinture,腰带
"bobencotonmélangé""""",渔夫帽
jacquard,毯子
couverture en laine,羊毛
"sacàdosensimilicuir""""",双肩包
"casquetteentoiledecoton""""",帽
détails,细节
élastique avec,松紧
ceinture,腰带
en laine vierge,剪羊毛
bonnet,便帽
en laine vierge,剪羊毛
bonnet,便帽
jacquard,提花
en laine,羊毛
bonnet,帽子
 embossé,压纹
en cuir avec,皮革
ceinture,腰带
de laine mélangée,混纺
en maille,针织
bonnet,便帽
jacquard,提花
en coton,纯棉
écharpe,围巾
jacquard,提花
en coton,纯棉
écharpe,围巾
jacquard,提花
en coton,纯棉
écharpe,围巾
nylon,尼龙
en fausse fourrure et,人造皮草
aviateur,飞行员
style,蓬松
chapeau,帽子
nylon,尼龙
en fausse fourrure et,人造皮草
aviateur,飞行员
style,蓬松
chapeau,帽子
en maille de laine à,针织
bonnet,便帽
en gabardine de coton,华达呢
casquette,棒球帽
bio,有机棉
"doreiller"" en coton",amp
de couette taie,抱枕
housse,;
laine et cachemire,针织
en maille de,amp
couverture,毯子
en laine mélangée avec fleurs appliquées,混纺
chapeau,帽子
en laine mélangée avec fleurs appliquées,混纺
chapeau,帽子
de laine mélangée,混纺
en maille,针织
bonnet,便帽
de laine mélangée,混纺
en maille,针织
bonnet,便帽
en laine et cachemire,羊绒
chapeau,帽子
pour bébé,Shark
en coton,棉质
requin,婴儿
sac de couchage,睡袋
à  brodé,刺绣
en coton,棉质
bonnet,便帽
brodée,混纺
en laine mélangée,羊毛
bonnet,便帽
de laine vierge,剪羊毛
en maille,针织
bonnet,便帽
de laine vierge,剪羊毛
en maille,针织
bonnet,便帽
pour bébé,Shark
en coton,棉质
requin,婴儿
sac de couchage,睡袋
de cachemire,羊绒
en maille,针织
bonnet,便帽
souris en coton,新生儿
sac de couchage,睡袋
en maille de laine mélangée,针织
gants,手套
en coton,棉质
requin,新生儿
sac de couchage,睡袋
en angora mélangé avec oreilles de lapin,混纺
bonnet,帽子
en angora mélangé avec oreilles de lapin,混纺
bonnet,帽子
pour bébé,Shark
en coton,棉质
requin,婴儿
sac de couchage,睡袋
bio,有机棉
"doreiller"" en coton",amp
de couette taie,抱枕
housse,;
en fourrure,绒球
pompon,针织
laine avec,羊毛
en,皮草
bonnet,帽
mélangée,混纺
de laine,羊毛
en maille,针织
écharpe,围巾
en fourrure,绒球
pompon,针织
laine avec,羊毛
en,皮草
bonnet,帽
avec patch,贴片
en fausse fourrure,人造皮草
casquette,棒球帽
en coton,棉质
requin,新生儿
sac de couchage,睡袋
bear,小熊
biologique,有机棉
en coton,浴袍
peignoir,造型
appliquées,装饰
en velours avec flerus,发夹
serre-tête,天鹅绒
de coton avec patch,棉质
en maille,针织
bonnet,便帽
à  brodé,刺绣
en coton,棉质
bonnet,便帽
en simili-cuir,仿皮
casquette,棒球帽
en coton,棉质
requin,新生儿
sac de couchage,睡袋
en coton,棉质
requin,新生儿
sac de couchage,睡袋
à patch,剪羊毛
de laine vierge,初
nervurée,罗纹
en maille,针织
bonnet,便帽
jacquard,提花
en laine,羊毛
bonnet,帽子
pour bébé,Shark
en coton,棉质
requin,婴儿
sac de couchage,睡袋
de cachemire,羊绒
en maille,针织
bonnet,便帽
en coton biologique,有机棉
couverture,毯子
écharpe,围巾
en coton,棉质
requin,Shark
sac à dos,双肩包
en coton,棉质
requin,Shark
sac à dos,双肩包
en coton,棉质
requin,Shark
sac à dos,双肩包
en coton,棉质
requin,Shark
sac à dos,双肩包
en cuir,皮革
ceinture,腰带
de laine mélangée jacquard,混纺
en maille,针织
bonnet,便帽
en coton,纯棉
casquette,棒球帽
imprimé gerbera,印花
en coton,发
serre-tête,带
à oeil brodé,刺绣
interlock,双面
en coton,棉
bonnet,帽子
embellie,发夹
en viscose mélangée,混纺
serre-tête,粘胶纤维
rabbit,兔子
biologique,有机棉
en coton,浴袍
peignoir,造型
rond en cuir,皮革
porté épaule,单肩包
sac,Round
de protection stretch,弹力
masque,口罩
imprimé,印花
en coton,发
serre-tête,带
de laine vierge,剪羊毛
en maille,针织
bonnet,便帽
en gabardine de coton,华达呢
casquette,棒球帽
en coton,棉质
requin,Shark
serviette,浴巾
brodé,刺绣
en coton,棉质
bonnet,便帽
recyclée,再生
en maille,针织
bonnet,便帽
mélangés,amp
lurex,金银丝
et,LOGO
en coton,棉
foulard,围巾
de coton,棉质
en gabardine,华达呢
casquette,棒球帽
de coton,棉质
en gabardine,华达呢
casquette,棒球帽
avec  estampé,棒球帽
casquette,刺绣
de coton,棉质
en gabardine,华达呢
casquette,棒球帽
détail  irisé,发
bandeau en jersey de coton,带
de coton,棉质
couverture en maille,毯子
de coton,棉质
couverture en maille,毯子
cuir,仿皮
en  et simili,amp
à dos,双肩包
sac,;
jacquard,棉
en coton,混纺
écharpe,围巾
